[2026-05-22 21:56:59] ACTION: get_abs_book_data | USER: 1 | DATA: {"GET":{"action":"get_abs_book_data","book_id":"b6ff4afb-1e6c-4df4-b3b1-435523eb8933"}}
[2026-05-22 21:56:59] ACTION: get_abs_durations | USER: 1 | DATA: {"GET":{"action":"get_abs_durations","book_id":"b6ff4afb-1e6c-4df4-b3b1-435523eb8933"}}
[2026-05-22 21:57:02] ACTION: toggle_favorite | USER: 1 | DATA: {"POST":{"action":"toggle_favorite","book_id":"b6ff4afb-1e6c-4df4-b3b1-435523eb8933"}}
[2026-05-22 21:57:03] ACTION: toggle_favorite | USER: 1 | DATA: {"POST":{"action":"toggle_favorite","book_id":"b6ff4afb-1e6c-4df4-b3b1-435523eb8933"}}
[2026-05-22 22:23:11] ACTION: get_abs_book_data | USER: 1 | DATA: {"GET":{"action":"get_abs_book_data","book_id":"b6ff4afb-1e6c-4df4-b3b1-435523eb8933"}}
[2026-05-22 22:23:11] ACTION: get_abs_durations | USER: 1 | DATA: {"GET":{"action":"get_abs_durations","book_id":"b6ff4afb-1e6c-4df4-b3b1-435523eb8933"}}
[2026-05-22 22:23:12] ACTION: save_rating | USER: 1 | DATA: {"POST":{"action":"save_abs_rating","book_id":"b6ff4afb-1e6c-4df4-b3b1-435523eb8933","rating":"5"}}
[2026-05-22 22:23:20] ACTION: save_progress | USER: 1 | DATA: {"POST":{"action":"save_abs_progress","book_id":"b6ff4afb-1e6c-4df4-b3b1-435523eb8933","track_index":"33","progress_seconds":"2396"}}
[2026-05-22 22:23:23] ACTION: get_abs_book_data | USER: 1 | DATA: {"GET":{"action":"get_abs_book_data","book_id":"b6ff4afb-1e6c-4df4-b3b1-435523eb8933"}}
[2026-05-22 22:23:24] ACTION: get_abs_durations | USER: 1 | DATA: {"GET":{"action":"get_abs_durations","book_id":"b6ff4afb-1e6c-4df4-b3b1-435523eb8933"}}
[2026-05-22 22:28:29] ACTION: get_abs_book_data | USER: 1 | DATA: {"GET":{"action":"get_abs_book_data","book_id":"b6ff4afb-1e6c-4df4-b3b1-435523eb8933"}}
[2026-05-22 22:28:30] ACTION: get_abs_durations | USER: 1 | DATA: {"GET":{"action":"get_abs_durations","book_id":"b6ff4afb-1e6c-4df4-b3b1-435523eb8933"}}
[2026-05-22 22:28:41] ACTION: remove_book_progress | USER: 1 | DATA: {"POST":{"action":"remove_book_progress","book_id":"1397128","type":"text"}}
[2026-05-22 22:28:46] ACTION: remove_book_progress | USER: 1 | DATA: {"POST":{"action":"remove_book_progress","book_id":"1396982","type":"text"}}
[2026-05-22 22:29:11] ACTION: remove_book_progress | USER: 1 | DATA: {"POST":{"action":"remove_book_progress","book_id":"1386299","type":"text"}}
[2026-05-22 22:29:26] ACTION: remove_book_progress | USER: 1 | DATA: {"POST":{"action":"remove_book_progress","book_id":"1083237","type":"text"}}
[2026-05-22 22:29:39] ACTION: get_abs_book_data | USER: 1 | DATA: {"GET":{"action":"get_abs_book_data","book_id":"b6ff4afb-1e6c-4df4-b3b1-435523eb8933"}}
[2026-05-22 22:29:39] ACTION: get_abs_durations | USER: 1 | DATA: {"GET":{"action":"get_abs_durations","book_id":"b6ff4afb-1e6c-4df4-b3b1-435523eb8933"}}
[2026-05-22 22:29:46] ACTION: save_progress | USER: 1 | DATA: {"POST":{"action":"save_abs_progress","book_id":"b6ff4afb-1e6c-4df4-b3b1-435523eb8933","track_index":"33","progress_seconds":"2400"}}
[2026-05-22 22:29:51] ACTION: save_progress | USER: 1 | DATA: {"POST":{"action":"save_abs_progress","book_id":"b6ff4afb-1e6c-4df4-b3b1-435523eb8933","track_index":"33","progress_seconds":"2405"}}
[2026-05-22 22:29:56] ACTION: save_progress | USER: 1 | DATA: {"POST":{"action":"save_abs_progress","book_id":"b6ff4afb-1e6c-4df4-b3b1-435523eb8933","track_index":"33","progress_seconds":"2410"}}
[2026-05-22 22:30:01] ACTION: save_progress | USER: 1 | DATA: {"POST":{"action":"save_abs_progress","book_id":"b6ff4afb-1e6c-4df4-b3b1-435523eb8933","track_index":"33","progress_seconds":"2415"}}
[2026-05-22 22:33:41] ACTION: get_abs_book_data | USER: 1 | DATA: {"GET":{"action":"get_abs_book_data","book_id":"b6ff4afb-1e6c-4df4-b3b1-435523eb8933"}}
[2026-05-22 22:33:41] ACTION: get_abs_durations | USER: 1 | DATA: {"GET":{"action":"get_abs_durations","book_id":"b6ff4afb-1e6c-4df4-b3b1-435523eb8933"}}
[2026-05-22 22:33:48] ACTION: save_progress | USER: 1 | DATA: {"POST":{"action":"save_abs_progress","book_id":"b6ff4afb-1e6c-4df4-b3b1-435523eb8933","track_index":"33","progress_seconds":"2419"}}
[2026-05-22 22:33:53] ACTION: save_progress | USER: 1 | DATA: {"POST":{"action":"save_abs_progress","book_id":"b6ff4afb-1e6c-4df4-b3b1-435523eb8933","track_index":"33","progress_seconds":"2424"}}
[2026-05-22 22:39:59] ACTION: get_abs_book_data | USER: 1 | DATA: {"GET":{"action":"get_abs_book_data","book_id":"c250fc30-0a1e-4126-bb8d-1966311cb4ac"}}
[2026-05-22 22:39:59] ACTION: get_abs_durations | USER: 1 | DATA: {"GET":{"action":"get_abs_durations","book_id":"c250fc30-0a1e-4126-bb8d-1966311cb4ac"}}
[2026-05-22 22:40:02] ACTION: toggle_favorite | USER: 1 | DATA: {"POST":{"action":"toggle_favorite","book_id":"580"}}
[2026-05-22 22:40:05] ACTION: get_abs_book_data | USER: 1 | DATA: {"GET":{"action":"get_abs_book_data","book_id":"c250fc30-0a1e-4126-bb8d-1966311cb4ac"}}
[2026-05-22 22:40:05] ACTION: get_abs_durations | USER: 1 | DATA: {"GET":{"action":"get_abs_durations","book_id":"c250fc30-0a1e-4126-bb8d-1966311cb4ac"}}
[2026-05-22 22:40:17] ACTION: save_progress | USER: 1 | DATA: {"POST":{"action":"save_abs_progress","book_id":"580","track_index":"1","progress_seconds":"4"}}
[2026-05-22 22:40:22] ACTION: save_progress | USER: 1 | DATA: {"POST":{"action":"save_abs_progress","book_id":"580","track_index":"1","progress_seconds":"9"}}
[2026-05-22 22:40:27] ACTION: save_progress | USER: 1 | DATA: {"POST":{"action":"save_abs_progress","book_id":"580","track_index":"1","progress_seconds":"14"}}
[2026-05-22 22:40:32] ACTION: save_progress | USER: 1 | DATA: {"POST":{"action":"save_abs_progress","book_id":"580","track_index":"1","progress_seconds":"19"}}
[2026-05-22 22:42:21] ACTION: get_abs_book_data | USER: 1 | DATA: {"GET":{"action":"get_abs_book_data","book_id":"b6ff4afb-1e6c-4df4-b3b1-435523eb8933"}}
[2026-05-22 22:42:21] ACTION: get_abs_durations | USER: 1 | DATA: {"GET":{"action":"get_abs_durations","book_id":"b6ff4afb-1e6c-4df4-b3b1-435523eb8933"}}
[2026-05-22 22:42:30] ACTION: save_progress | USER: 1 | DATA: {"POST":{"action":"save_abs_progress","book_id":"585","track_index":"3","progress_seconds":"1661"}}
[2026-05-22 22:42:32] ACTION: toggle_favorite | USER: 1 | DATA: {"POST":{"action":"toggle_favorite","book_id":"585"}}
[2026-05-22 22:42:35] ACTION: save_progress | USER: 1 | DATA: {"POST":{"action":"save_abs_progress","book_id":"585","track_index":"3","progress_seconds":"1666"}}
[2026-05-22 22:42:40] ACTION: save_progress | USER: 1 | DATA: {"POST":{"action":"save_abs_progress","book_id":"585","track_index":"3","progress_seconds":"1671"}}
[2026-05-22 22:42:42] ACTION: get_abs_book_data | USER: 1 | DATA: {"GET":{"action":"get_abs_book_data","book_id":"b6ff4afb-1e6c-4df4-b3b1-435523eb8933"}}
[2026-05-22 22:42:43] ACTION: get_abs_durations | USER: 1 | DATA: {"GET":{"action":"get_abs_durations","book_id":"b6ff4afb-1e6c-4df4-b3b1-435523eb8933"}}
[2026-05-22 22:48:15] ACTION: remove_book_progress | USER: 1 | DATA: {"POST":{"action":"remove_book_progress","book_id":"1355764","type":"text"}}
[2026-05-22 22:48:17] ACTION: remove_book_progress | USER: 1 | DATA: {"POST":{"action":"remove_book_progress","book_id":"1338473","type":"text"}}
[2026-05-22 22:48:19] ACTION: remove_book_progress | USER: 1 | DATA: {"POST":{"action":"remove_book_progress","book_id":"1337458","type":"text"}}
[2026-05-22 22:48:22] ACTION: remove_book_progress | USER: 1 | DATA: {"POST":{"action":"remove_book_progress","book_id":"1359037","type":"text"}}
[2026-05-22 22:48:25] ACTION: remove_book_progress | USER: 1 | DATA: {"POST":{"action":"remove_book_progress","book_id":"1383106","type":"text"}}
[2026-05-22 22:48:28] ACTION: remove_book_progress | USER: 1 | DATA: {"POST":{"action":"remove_book_progress","book_id":"1386623","type":"text"}}
[2026-05-22 22:48:30] ACTION: remove_book_progress | USER: 1 | DATA: {"POST":{"action":"remove_book_progress","book_id":"1324506","type":"text"}}
[2026-05-22 22:48:47] ACTION: get_abs_book_data | USER: 1 | DATA: {"GET":{"action":"get_abs_book_data","book_id":"b6ff4afb-1e6c-4df4-b3b1-435523eb8933"}}
[2026-05-22 22:48:47] ACTION: get_abs_durations | USER: 1 | DATA: {"GET":{"action":"get_abs_durations","book_id":"b6ff4afb-1e6c-4df4-b3b1-435523eb8933"}}
[2026-05-22 22:48:55] ACTION: save_progress | USER: 1 | DATA: {"POST":{"action":"save_abs_progress","book_id":"585","track_index":"3","progress_seconds":"1675"}}
[2026-05-22 22:49:00] ACTION: save_progress | USER: 1 | DATA: {"POST":{"action":"save_abs_progress","book_id":"585","track_index":"3","progress_seconds":"1680"}}
[2026-05-22 22:52:11] ACTION: continue_audio_book | USER: 1 | DATA: {"book_id":"585","progress":"1680"}
[2026-05-22 22:52:11] ACTION: continue_audio_book | USER: 1 | DATA: {"book_id":"580","progress":"19"}
[2026-05-22 22:52:11] ACTION: continue_audio_book | USER: 1 | DATA: {"book_id":"b6ff4afb-1e6c-4df4-b3b1-435523eb8933","progress":"93719"}
[2026-05-22 22:52:11] ACTION: continue_audio_book | USER: 1 | DATA: {"book_id":"e6b3d69a-6de4-4f54-b1fd-0eb9cc43d89a","progress":"62758"}
[2026-05-22 22:52:11] ACTION: continue_audio_book | USER: 1 | DATA: {"book_id":"c250fc30-0a1e-4126-bb8d-1966311cb4ac","progress":"72174"}
[2026-05-22 22:52:11] ACTION: continue_audio_book | USER: 1 | DATA: {"book_id":"39df1875-2fab-45ee-826a-cf3288afce91","progress":"5699"}
[2026-05-22 22:52:11] ACTION: continue_audio_book | USER: 1 | DATA: {"book_id":"8ab78ed7-59c3-4534-b10c-605cc05af6d4","progress":"76332"}
[2026-05-22 22:52:12] ACTION: continue_audio_book | USER: 1 | DATA: {"book_id":"585","progress":"1680"}
[2026-05-22 22:52:12] ACTION: continue_audio_book | USER: 1 | DATA: {"book_id":"580","progress":"19"}
[2026-05-22 22:52:12] ACTION: continue_audio_book | USER: 1 | DATA: {"book_id":"b6ff4afb-1e6c-4df4-b3b1-435523eb8933","progress":"93719"}
[2026-05-22 22:52:12] ACTION: continue_audio_book | USER: 1 | DATA: {"book_id":"e6b3d69a-6de4-4f54-b1fd-0eb9cc43d89a","progress":"62758"}
[2026-05-22 22:52:12] ACTION: continue_audio_book | USER: 1 | DATA: {"book_id":"c250fc30-0a1e-4126-bb8d-1966311cb4ac","progress":"72174"}
[2026-05-22 22:52:12] ACTION: continue_audio_book | USER: 1 | DATA: {"book_id":"39df1875-2fab-45ee-826a-cf3288afce91","progress":"5699"}
[2026-05-22 22:52:12] ACTION: continue_audio_book | USER: 1 | DATA: {"book_id":"8ab78ed7-59c3-4534-b10c-605cc05af6d4","progress":"76332"}
[2026-05-22 22:52:23] ACTION: get_abs_book_data | USER: 1 | DATA: {"GET":{"action":"get_abs_book_data","book_id":"b6ff4afb-1e6c-4df4-b3b1-435523eb8933"}}
[2026-05-22 22:52:23] ACTION: get_abs_durations | USER: 1 | DATA: {"GET":{"action":"get_abs_durations","book_id":"b6ff4afb-1e6c-4df4-b3b1-435523eb8933"}}
[2026-05-22 22:52:31] ACTION: save_progress | USER: 1 | DATA: {"POST":{"action":"save_abs_progress","book_id":"b6ff4afb-1e6c-4df4-b3b1-435523eb8933","track_index":"33","progress_seconds":"2429"}}
[2026-05-22 22:52:36] ACTION: save_progress | USER: 1 | DATA: {"POST":{"action":"save_abs_progress","book_id":"b6ff4afb-1e6c-4df4-b3b1-435523eb8933","track_index":"33","progress_seconds":"2434"}}
[2026-05-22 22:52:41] ACTION: save_progress | USER: 1 | DATA: {"POST":{"action":"save_abs_progress","book_id":"b6ff4afb-1e6c-4df4-b3b1-435523eb8933","track_index":"33","progress_seconds":"2439"}}
[2026-05-22 22:52:59] ACTION: continue_audio_book | USER: 1 | DATA: {"book_id":"b6ff4afb-1e6c-4df4-b3b1-435523eb8933","progress":"93734"}
[2026-05-22 22:52:59] ACTION: continue_audio_book | USER: 1 | DATA: {"book_id":"585","progress":"1680"}
[2026-05-22 22:52:59] ACTION: continue_audio_book | USER: 1 | DATA: {"book_id":"580","progress":"19"}
[2026-05-22 22:52:59] ACTION: continue_audio_book | USER: 1 | DATA: {"book_id":"e6b3d69a-6de4-4f54-b1fd-0eb9cc43d89a","progress":"62758"}
[2026-05-22 22:52:59] ACTION: continue_audio_book | USER: 1 | DATA: {"book_id":"c250fc30-0a1e-4126-bb8d-1966311cb4ac","progress":"72174"}
[2026-05-22 22:52:59] ACTION: continue_audio_book | USER: 1 | DATA: {"book_id":"39df1875-2fab-45ee-826a-cf3288afce91","progress":"5699"}
[2026-05-22 22:52:59] ACTION: continue_audio_book | USER: 1 | DATA: {"book_id":"8ab78ed7-59c3-4534-b10c-605cc05af6d4","progress":"76332"}
[2026-05-22 22:52:59] ACTION: continue_audio_book | USER: 1 | DATA: {"book_id":"b6ff4afb-1e6c-4df4-b3b1-435523eb8933","progress":"93734"}
[2026-05-22 22:52:59] ACTION: continue_audio_book | USER: 1 | DATA: {"book_id":"585","progress":"1680"}
[2026-05-22 22:52:59] ACTION: continue_audio_book | USER: 1 | DATA: {"book_id":"580","progress":"19"}
[2026-05-22 22:52:59] ACTION: continue_audio_book | USER: 1 | DATA: {"book_id":"e6b3d69a-6de4-4f54-b1fd-0eb9cc43d89a","progress":"62758"}
[2026-05-22 22:52:59] ACTION: continue_audio_book | USER: 1 | DATA: {"book_id":"c250fc30-0a1e-4126-bb8d-1966311cb4ac","progress":"72174"}
[2026-05-22 22:52:59] ACTION: continue_audio_book | USER: 1 | DATA: {"book_id":"39df1875-2fab-45ee-826a-cf3288afce91","progress":"5699"}
[2026-05-22 22:52:59] ACTION: continue_audio_book | USER: 1 | DATA: {"book_id":"8ab78ed7-59c3-4534-b10c-605cc05af6d4","progress":"76332"}
[2026-05-22 22:56:55] ACTION: continue_audio_book | USER: 1 | DATA: {"book_id":"b6ff4afb-1e6c-4df4-b3b1-435523eb8933","progress":"93734"}
[2026-05-22 22:56:55] ACTION: continue_cache_lookup | USER: 1 | DATA: {"uuid":"b6ff4afb-1e6c-4df4-b3b1-435523eb8933","found":true,"title":"Легендарный механик"}
[2026-05-22 22:56:55] ACTION: continue_audio_book | USER: 1 | DATA: {"book_id":"585","progress":"1680"}
[2026-05-22 22:56:55] ACTION: continue_cache_lookup | USER: 1 | DATA: {"uuid":"b6ff4afb-1e6c-4df4-b3b1-435523eb8933","found":true,"title":"Легендарный механик"}
[2026-05-22 22:56:55] ACTION: continue_audio_book | USER: 1 | DATA: {"book_id":"580","progress":"19"}
[2026-05-22 22:56:55] ACTION: continue_cache_lookup | USER: 1 | DATA: {"uuid":"c250fc30-0a1e-4126-bb8d-1966311cb4ac","found":true,"title":"Убийцы Драконов"}
[2026-05-22 22:56:55] ACTION: continue_audio_book | USER: 1 | DATA: {"book_id":"e6b3d69a-6de4-4f54-b1fd-0eb9cc43d89a","progress":"62758"}
[2026-05-22 22:56:55] ACTION: continue_cache_lookup | USER: 1 | DATA: {"uuid":"e6b3d69a-6de4-4f54-b1fd-0eb9cc43d89a","found":true,"title":"Лучший в мире мастер боевых искусств"}
[2026-05-22 22:56:55] ACTION: continue_audio_book | USER: 1 | DATA: {"book_id":"c250fc30-0a1e-4126-bb8d-1966311cb4ac","progress":"72174"}
[2026-05-22 22:56:55] ACTION: continue_cache_lookup | USER: 1 | DATA: {"uuid":"c250fc30-0a1e-4126-bb8d-1966311cb4ac","found":true,"title":"Убийцы Драконов"}
[2026-05-22 22:56:55] ACTION: continue_audio_book | USER: 1 | DATA: {"book_id":"39df1875-2fab-45ee-826a-cf3288afce91","progress":"5699"}
[2026-05-22 22:56:55] ACTION: continue_cache_lookup | USER: 1 | DATA: {"uuid":"39df1875-2fab-45ee-826a-cf3288afce91","found":true,"title":"Теневой раб"}
[2026-05-22 22:56:55] ACTION: continue_audio_book | USER: 1 | DATA: {"book_id":"8ab78ed7-59c3-4534-b10c-605cc05af6d4","progress":"76332"}
[2026-05-22 22:56:55] ACTION: continue_cache_lookup | USER: 1 | DATA: {"uuid":"8ab78ed7-59c3-4534-b10c-605cc05af6d4","found":true,"title":"Специалист по апгрейду из другого мира"}
[2026-05-22 22:56:55] ACTION: continue_audio_book | USER: 1 | DATA: {"book_id":"b6ff4afb-1e6c-4df4-b3b1-435523eb8933","progress":"93734"}
[2026-05-22 22:56:55] ACTION: continue_cache_lookup | USER: 1 | DATA: {"uuid":"b6ff4afb-1e6c-4df4-b3b1-435523eb8933","found":true,"title":"Легендарный механик"}
[2026-05-22 22:56:55] ACTION: continue_audio_book | USER: 1 | DATA: {"book_id":"585","progress":"1680"}
[2026-05-22 22:56:55] ACTION: continue_cache_lookup | USER: 1 | DATA: {"uuid":"b6ff4afb-1e6c-4df4-b3b1-435523eb8933","found":true,"title":"Легендарный механик"}
[2026-05-22 22:56:55] ACTION: continue_audio_book | USER: 1 | DATA: {"book_id":"580","progress":"19"}
[2026-05-22 22:56:55] ACTION: continue_cache_lookup | USER: 1 | DATA: {"uuid":"c250fc30-0a1e-4126-bb8d-1966311cb4ac","found":true,"title":"Убийцы Драконов"}
[2026-05-22 22:56:55] ACTION: continue_audio_book | USER: 1 | DATA: {"book_id":"e6b3d69a-6de4-4f54-b1fd-0eb9cc43d89a","progress":"62758"}
[2026-05-22 22:56:55] ACTION: continue_cache_lookup | USER: 1 | DATA: {"uuid":"e6b3d69a-6de4-4f54-b1fd-0eb9cc43d89a","found":true,"title":"Лучший в мире мастер боевых искусств"}
[2026-05-22 22:56:55] ACTION: continue_audio_book | USER: 1 | DATA: {"book_id":"c250fc30-0a1e-4126-bb8d-1966311cb4ac","progress":"72174"}
[2026-05-22 22:56:55] ACTION: continue_cache_lookup | USER: 1 | DATA: {"uuid":"c250fc30-0a1e-4126-bb8d-1966311cb4ac","found":true,"title":"Убийцы Драконов"}
[2026-05-22 22:56:55] ACTION: continue_audio_book | USER: 1 | DATA: {"book_id":"39df1875-2fab-45ee-826a-cf3288afce91","progress":"5699"}
[2026-05-22 22:56:55] ACTION: continue_cache_lookup | USER: 1 | DATA: {"uuid":"39df1875-2fab-45ee-826a-cf3288afce91","found":true,"title":"Теневой раб"}
[2026-05-22 22:56:55] ACTION: continue_audio_book | USER: 1 | DATA: {"book_id":"8ab78ed7-59c3-4534-b10c-605cc05af6d4","progress":"76332"}
[2026-05-22 22:56:55] ACTION: continue_cache_lookup | USER: 1 | DATA: {"uuid":"8ab78ed7-59c3-4534-b10c-605cc05af6d4","found":true,"title":"Специалист по апгрейду из другого мира"}
[2026-05-22 22:56:55] ACTION: continue_audio_book | USER: 1 | DATA: {"book_id":"b6ff4afb-1e6c-4df4-b3b1-435523eb8933","progress":"93734"}
[2026-05-22 22:56:55] ACTION: continue_cache_lookup | USER: 1 | DATA: {"uuid":"b6ff4afb-1e6c-4df4-b3b1-435523eb8933","found":true,"title":"Легендарный механик"}
[2026-05-22 22:56:55] ACTION: continue_audio_book | USER: 1 | DATA: {"book_id":"585","progress":"1680"}
[2026-05-22 22:56:55] ACTION: continue_cache_lookup | USER: 1 | DATA: {"uuid":"b6ff4afb-1e6c-4df4-b3b1-435523eb8933","found":true,"title":"Легендарный механик"}
[2026-05-22 22:56:55] ACTION: continue_audio_book | USER: 1 | DATA: {"book_id":"580","progress":"19"}
[2026-05-22 22:56:55] ACTION: continue_cache_lookup | USER: 1 | DATA: {"uuid":"c250fc30-0a1e-4126-bb8d-1966311cb4ac","found":true,"title":"Убийцы Драконов"}
[2026-05-22 22:56:55] ACTION: continue_audio_book | USER: 1 | DATA: {"book_id":"e6b3d69a-6de4-4f54-b1fd-0eb9cc43d89a","progress":"62758"}
[2026-05-22 22:56:55] ACTION: continue_cache_lookup | USER: 1 | DATA: {"uuid":"e6b3d69a-6de4-4f54-b1fd-0eb9cc43d89a","found":true,"title":"Лучший в мире мастер боевых искусств"}
[2026-05-22 22:56:55] ACTION: continue_audio_book | USER: 1 | DATA: {"book_id":"c250fc30-0a1e-4126-bb8d-1966311cb4ac","progress":"72174"}
[2026-05-22 22:56:55] ACTION: continue_cache_lookup | USER: 1 | DATA: {"uuid":"c250fc30-0a1e-4126-bb8d-1966311cb4ac","found":true,"title":"Убийцы Драконов"}
[2026-05-22 22:56:55] ACTION: continue_audio_book | USER: 1 | DATA: {"book_id":"39df1875-2fab-45ee-826a-cf3288afce91","progress":"5699"}
[2026-05-22 22:56:55] ACTION: continue_cache_lookup | USER: 1 | DATA: {"uuid":"39df1875-2fab-45ee-826a-cf3288afce91","found":true,"title":"Теневой раб"}
[2026-05-22 22:56:55] ACTION: continue_audio_book | USER: 1 | DATA: {"book_id":"8ab78ed7-59c3-4534-b10c-605cc05af6d4","progress":"76332"}
[2026-05-22 22:56:55] ACTION: continue_cache_lookup | USER: 1 | DATA: {"uuid":"8ab78ed7-59c3-4534-b10c-605cc05af6d4","found":true,"title":"Специалист по апгрейду из другого мира"}
[2026-05-22 22:57:10] ACTION: continue_audio_book | USER: 1 | DATA: {"book_id":"b6ff4afb-1e6c-4df4-b3b1-435523eb8933","progress":"93734"}
[2026-05-22 22:57:10] ACTION: continue_cache_lookup | USER: 1 | DATA: {"uuid":"b6ff4afb-1e6c-4df4-b3b1-435523eb8933","found":true,"title":"Легендарный механик"}
[2026-05-22 22:57:10] ACTION: continue_audio_book | USER: 1 | DATA: {"book_id":"585","progress":"1680"}
[2026-05-22 22:57:10] ACTION: continue_cache_lookup | USER: 1 | DATA: {"uuid":"b6ff4afb-1e6c-4df4-b3b1-435523eb8933","found":true,"title":"Легендарный механик"}
[2026-05-22 22:57:10] ACTION: continue_audio_book | USER: 1 | DATA: {"book_id":"580","progress":"19"}
[2026-05-22 22:57:10] ACTION: continue_cache_lookup | USER: 1 | DATA: {"uuid":"c250fc30-0a1e-4126-bb8d-1966311cb4ac","found":true,"title":"Убийцы Драконов"}
[2026-05-22 22:57:10] ACTION: continue_audio_book | USER: 1 | DATA: {"book_id":"e6b3d69a-6de4-4f54-b1fd-0eb9cc43d89a","progress":"62758"}
[2026-05-22 22:57:10] ACTION: continue_cache_lookup | USER: 1 | DATA: {"uuid":"e6b3d69a-6de4-4f54-b1fd-0eb9cc43d89a","found":true,"title":"Лучший в мире мастер боевых искусств"}
[2026-05-22 22:57:10] ACTION: continue_audio_book | USER: 1 | DATA: {"book_id":"c250fc30-0a1e-4126-bb8d-1966311cb4ac","progress":"72174"}
[2026-05-22 22:57:10] ACTION: continue_cache_lookup | USER: 1 | DATA: {"uuid":"c250fc30-0a1e-4126-bb8d-1966311cb4ac","found":true,"title":"Убийцы Драконов"}
[2026-05-22 22:57:10] ACTION: continue_audio_book | USER: 1 | DATA: {"book_id":"39df1875-2fab-45ee-826a-cf3288afce91","progress":"5699"}
[2026-05-22 22:57:10] ACTION: continue_cache_lookup | USER: 1 | DATA: {"uuid":"39df1875-2fab-45ee-826a-cf3288afce91","found":true,"title":"Теневой раб"}
[2026-05-22 22:57:10] ACTION: continue_audio_book | USER: 1 | DATA: {"book_id":"8ab78ed7-59c3-4534-b10c-605cc05af6d4","progress":"76332"}
[2026-05-22 22:57:10] ACTION: continue_cache_lookup | USER: 1 | DATA: {"uuid":"8ab78ed7-59c3-4534-b10c-605cc05af6d4","found":true,"title":"Специалист по апгрейду из другого мира"}
[2026-05-22 22:57:10] ACTION: continue_audio_book | USER: 1 | DATA: {"book_id":"b6ff4afb-1e6c-4df4-b3b1-435523eb8933","progress":"93734"}
[2026-05-22 22:57:10] ACTION: continue_cache_lookup | USER: 1 | DATA: {"uuid":"b6ff4afb-1e6c-4df4-b3b1-435523eb8933","found":true,"title":"Легендарный механик"}
[2026-05-22 22:57:10] ACTION: continue_audio_book | USER: 1 | DATA: {"book_id":"585","progress":"1680"}
[2026-05-22 22:57:10] ACTION: continue_cache_lookup | USER: 1 | DATA: {"uuid":"b6ff4afb-1e6c-4df4-b3b1-435523eb8933","found":true,"title":"Легендарный механик"}
[2026-05-22 22:57:10] ACTION: continue_audio_book | USER: 1 | DATA: {"book_id":"580","progress":"19"}
[2026-05-22 22:57:10] ACTION: continue_cache_lookup | USER: 1 | DATA: {"uuid":"c250fc30-0a1e-4126-bb8d-1966311cb4ac","found":true,"title":"Убийцы Драконов"}
[2026-05-22 22:57:10] ACTION: continue_audio_book | USER: 1 | DATA: {"book_id":"e6b3d69a-6de4-4f54-b1fd-0eb9cc43d89a","progress":"62758"}
[2026-05-22 22:57:10] ACTION: continue_cache_lookup | USER: 1 | DATA: {"uuid":"e6b3d69a-6de4-4f54-b1fd-0eb9cc43d89a","found":true,"title":"Лучший в мире мастер боевых искусств"}
[2026-05-22 22:57:10] ACTION: continue_audio_book | USER: 1 | DATA: {"book_id":"c250fc30-0a1e-4126-bb8d-1966311cb4ac","progress":"72174"}
[2026-05-22 22:57:10] ACTION: continue_cache_lookup | USER: 1 | DATA: {"uuid":"c250fc30-0a1e-4126-bb8d-1966311cb4ac","found":true,"title":"Убийцы Драконов"}
[2026-05-22 22:57:10] ACTION: continue_audio_book | USER: 1 | DATA: {"book_id":"39df1875-2fab-45ee-826a-cf3288afce91","progress":"5699"}
[2026-05-22 22:57:10] ACTION: continue_cache_lookup | USER: 1 | DATA: {"uuid":"39df1875-2fab-45ee-826a-cf3288afce91","found":true,"title":"Теневой раб"}
[2026-05-22 22:57:10] ACTION: continue_audio_book | USER: 1 | DATA: {"book_id":"8ab78ed7-59c3-4534-b10c-605cc05af6d4","progress":"76332"}
[2026-05-22 22:57:10] ACTION: continue_cache_lookup | USER: 1 | DATA: {"uuid":"8ab78ed7-59c3-4534-b10c-605cc05af6d4","found":true,"title":"Специалист по апгрейду из другого мира"}
[2026-05-22 22:57:10] ACTION: continue_audio_book | USER: 1 | DATA: {"book_id":"b6ff4afb-1e6c-4df4-b3b1-435523eb8933","progress":"93734"}
[2026-05-22 22:57:10] ACTION: continue_cache_lookup | USER: 1 | DATA: {"uuid":"b6ff4afb-1e6c-4df4-b3b1-435523eb8933","found":true,"title":"Легендарный механик"}
[2026-05-22 22:57:10] ACTION: continue_audio_book | USER: 1 | DATA: {"book_id":"585","progress":"1680"}
[2026-05-22 22:57:10] ACTION: continue_cache_lookup | USER: 1 | DATA: {"uuid":"b6ff4afb-1e6c-4df4-b3b1-435523eb8933","found":true,"title":"Легендарный механик"}
[2026-05-22 22:57:10] ACTION: continue_audio_book | USER: 1 | DATA: {"book_id":"580","progress":"19"}
[2026-05-22 22:57:10] ACTION: continue_cache_lookup | USER: 1 | DATA: {"uuid":"c250fc30-0a1e-4126-bb8d-1966311cb4ac","found":true,"title":"Убийцы Драконов"}
[2026-05-22 22:57:10] ACTION: continue_audio_book | USER: 1 | DATA: {"book_id":"e6b3d69a-6de4-4f54-b1fd-0eb9cc43d89a","progress":"62758"}
[2026-05-22 22:57:10] ACTION: continue_cache_lookup | USER: 1 | DATA: {"uuid":"e6b3d69a-6de4-4f54-b1fd-0eb9cc43d89a","found":true,"title":"Лучший в мире мастер боевых искусств"}
[2026-05-22 22:57:10] ACTION: continue_audio_book | USER: 1 | DATA: {"book_id":"c250fc30-0a1e-4126-bb8d-1966311cb4ac","progress":"72174"}
[2026-05-22 22:57:10] ACTION: continue_cache_lookup | USER: 1 | DATA: {"uuid":"c250fc30-0a1e-4126-bb8d-1966311cb4ac","found":true,"title":"Убийцы Драконов"}
[2026-05-22 22:57:10] ACTION: continue_audio_book | USER: 1 | DATA: {"book_id":"39df1875-2fab-45ee-826a-cf3288afce91","progress":"5699"}
[2026-05-22 22:57:10] ACTION: continue_cache_lookup | USER: 1 | DATA: {"uuid":"39df1875-2fab-45ee-826a-cf3288afce91","found":true,"title":"Теневой раб"}
[2026-05-22 22:57:10] ACTION: continue_audio_book | USER: 1 | DATA: {"book_id":"8ab78ed7-59c3-4534-b10c-605cc05af6d4","progress":"76332"}
[2026-05-22 22:57:10] ACTION: continue_cache_lookup | USER: 1 | DATA: {"uuid":"8ab78ed7-59c3-4534-b10c-605cc05af6d4","found":true,"title":"Специалист по апгрейду из другого мира"}
[2026-05-22 22:58:14] ACTION: continue_audio_book | USER: 1 | DATA: {"book_id":"b6ff4afb-1e6c-4df4-b3b1-435523eb8933","progress":"93734"}
[2026-05-22 22:58:14] ACTION: continue_cache_lookup | USER: 1 | DATA: {"uuid":"b6ff4afb-1e6c-4df4-b3b1-435523eb8933","found":true,"title":"Легендарный механик"}
[2026-05-22 22:58:14] ACTION: continue_audio_book | USER: 1 | DATA: {"book_id":"585","progress":"1680"}
[2026-05-22 22:58:14] ACTION: continue_cache_lookup | USER: 1 | DATA: {"uuid":"b6ff4afb-1e6c-4df4-b3b1-435523eb8933","found":true,"title":"Легендарный механик"}
[2026-05-22 22:58:14] ACTION: continue_audio_book | USER: 1 | DATA: {"book_id":"580","progress":"19"}
[2026-05-22 22:58:14] ACTION: continue_cache_lookup | USER: 1 | DATA: {"uuid":"c250fc30-0a1e-4126-bb8d-1966311cb4ac","found":true,"title":"Убийцы Драконов"}
[2026-05-22 22:58:14] ACTION: continue_audio_book | USER: 1 | DATA: {"book_id":"e6b3d69a-6de4-4f54-b1fd-0eb9cc43d89a","progress":"62758"}
[2026-05-22 22:58:14] ACTION: continue_cache_lookup | USER: 1 | DATA: {"uuid":"e6b3d69a-6de4-4f54-b1fd-0eb9cc43d89a","found":true,"title":"Лучший в мире мастер боевых искусств"}
[2026-05-22 22:58:14] ACTION: continue_audio_book | USER: 1 | DATA: {"book_id":"c250fc30-0a1e-4126-bb8d-1966311cb4ac","progress":"72174"}
[2026-05-22 22:58:14] ACTION: continue_cache_lookup | USER: 1 | DATA: {"uuid":"c250fc30-0a1e-4126-bb8d-1966311cb4ac","found":true,"title":"Убийцы Драконов"}
[2026-05-22 22:58:14] ACTION: continue_audio_book | USER: 1 | DATA: {"book_id":"39df1875-2fab-45ee-826a-cf3288afce91","progress":"5699"}
[2026-05-22 22:58:14] ACTION: continue_cache_lookup | USER: 1 | DATA: {"uuid":"39df1875-2fab-45ee-826a-cf3288afce91","found":true,"title":"Теневой раб"}
[2026-05-22 22:58:14] ACTION: continue_audio_book | USER: 1 | DATA: {"book_id":"8ab78ed7-59c3-4534-b10c-605cc05af6d4","progress":"76332"}
[2026-05-22 22:58:14] ACTION: continue_cache_lookup | USER: 1 | DATA: {"uuid":"8ab78ed7-59c3-4534-b10c-605cc05af6d4","found":true,"title":"Специалист по апгрейду из другого мира"}
[2026-05-22 22:58:14] ACTION: continue_audio_book | USER: 1 | DATA: {"book_id":"b6ff4afb-1e6c-4df4-b3b1-435523eb8933","progress":"93734"}
[2026-05-22 22:58:14] ACTION: continue_cache_lookup | USER: 1 | DATA: {"uuid":"b6ff4afb-1e6c-4df4-b3b1-435523eb8933","found":true,"title":"Легендарный механик"}
[2026-05-22 22:58:14] ACTION: continue_audio_book | USER: 1 | DATA: {"book_id":"585","progress":"1680"}
[2026-05-22 22:58:14] ACTION: continue_cache_lookup | USER: 1 | DATA: {"uuid":"b6ff4afb-1e6c-4df4-b3b1-435523eb8933","found":true,"title":"Легендарный механик"}
[2026-05-22 22:58:14] ACTION: continue_audio_book | USER: 1 | DATA: {"book_id":"580","progress":"19"}
[2026-05-22 22:58:14] ACTION: continue_cache_lookup | USER: 1 | DATA: {"uuid":"c250fc30-0a1e-4126-bb8d-1966311cb4ac","found":true,"title":"Убийцы Драконов"}
[2026-05-22 22:58:14] ACTION: continue_audio_book | USER: 1 | DATA: {"book_id":"e6b3d69a-6de4-4f54-b1fd-0eb9cc43d89a","progress":"62758"}
[2026-05-22 22:58:14] ACTION: continue_cache_lookup | USER: 1 | DATA: {"uuid":"e6b3d69a-6de4-4f54-b1fd-0eb9cc43d89a","found":true,"title":"Лучший в мире мастер боевых искусств"}
[2026-05-22 22:58:14] ACTION: continue_audio_book | USER: 1 | DATA: {"book_id":"c250fc30-0a1e-4126-bb8d-1966311cb4ac","progress":"72174"}
[2026-05-22 22:58:14] ACTION: continue_cache_lookup | USER: 1 | DATA: {"uuid":"c250fc30-0a1e-4126-bb8d-1966311cb4ac","found":true,"title":"Убийцы Драконов"}
[2026-05-22 22:58:14] ACTION: continue_audio_book | USER: 1 | DATA: {"book_id":"39df1875-2fab-45ee-826a-cf3288afce91","progress":"5699"}
[2026-05-22 22:58:14] ACTION: continue_cache_lookup | USER: 1 | DATA: {"uuid":"39df1875-2fab-45ee-826a-cf3288afce91","found":true,"title":"Теневой раб"}
[2026-05-22 22:58:14] ACTION: continue_audio_book | USER: 1 | DATA: {"book_id":"8ab78ed7-59c3-4534-b10c-605cc05af6d4","progress":"76332"}
[2026-05-22 22:58:14] ACTION: continue_cache_lookup | USER: 1 | DATA: {"uuid":"8ab78ed7-59c3-4534-b10c-605cc05af6d4","found":true,"title":"Специалист по апгрейду из другого мира"}
[2026-05-22 22:58:15] ACTION: continue_audio_book | USER: 1 | DATA: {"book_id":"b6ff4afb-1e6c-4df4-b3b1-435523eb8933","progress":"93734"}
[2026-05-22 22:58:15] ACTION: continue_cache_lookup | USER: 1 | DATA: {"uuid":"b6ff4afb-1e6c-4df4-b3b1-435523eb8933","found":true,"title":"Легендарный механик"}
[2026-05-22 22:58:15] ACTION: continue_audio_book | USER: 1 | DATA: {"book_id":"585","progress":"1680"}
[2026-05-22 22:58:15] ACTION: continue_cache_lookup | USER: 1 | DATA: {"uuid":"b6ff4afb-1e6c-4df4-b3b1-435523eb8933","found":true,"title":"Легендарный механик"}
[2026-05-22 22:58:15] ACTION: continue_audio_book | USER: 1 | DATA: {"book_id":"580","progress":"19"}
[2026-05-22 22:58:15] ACTION: continue_cache_lookup | USER: 1 | DATA: {"uuid":"c250fc30-0a1e-4126-bb8d-1966311cb4ac","found":true,"title":"Убийцы Драконов"}
[2026-05-22 22:58:15] ACTION: continue_audio_book | USER: 1 | DATA: {"book_id":"e6b3d69a-6de4-4f54-b1fd-0eb9cc43d89a","progress":"62758"}
[2026-05-22 22:58:15] ACTION: continue_cache_lookup | USER: 1 | DATA: {"uuid":"e6b3d69a-6de4-4f54-b1fd-0eb9cc43d89a","found":true,"title":"Лучший в мире мастер боевых искусств"}
[2026-05-22 22:58:15] ACTION: continue_audio_book | USER: 1 | DATA: {"book_id":"c250fc30-0a1e-4126-bb8d-1966311cb4ac","progress":"72174"}
[2026-05-22 22:58:15] ACTION: continue_cache_lookup | USER: 1 | DATA: {"uuid":"c250fc30-0a1e-4126-bb8d-1966311cb4ac","found":true,"title":"Убийцы Драконов"}
[2026-05-22 22:58:15] ACTION: continue_audio_book | USER: 1 | DATA: {"book_id":"39df1875-2fab-45ee-826a-cf3288afce91","progress":"5699"}
[2026-05-22 22:58:15] ACTION: continue_cache_lookup | USER: 1 | DATA: {"uuid":"39df1875-2fab-45ee-826a-cf3288afce91","found":true,"title":"Теневой раб"}
[2026-05-22 22:58:15] ACTION: continue_audio_book | USER: 1 | DATA: {"book_id":"8ab78ed7-59c3-4534-b10c-605cc05af6d4","progress":"76332"}
[2026-05-22 22:58:15] ACTION: continue_cache_lookup | USER: 1 | DATA: {"uuid":"8ab78ed7-59c3-4534-b10c-605cc05af6d4","found":true,"title":"Специалист по апгрейду из другого мира"}
[2026-05-22 22:58:15] ACTION: continue_audio_book | USER: 1 | DATA: {"book_id":"b6ff4afb-1e6c-4df4-b3b1-435523eb8933","progress":"93734"}
[2026-05-22 22:58:15] ACTION: continue_cache_lookup | USER: 1 | DATA: {"uuid":"b6ff4afb-1e6c-4df4-b3b1-435523eb8933","found":true,"title":"Легендарный механик"}
[2026-05-22 22:58:15] ACTION: continue_audio_book | USER: 1 | DATA: {"book_id":"585","progress":"1680"}
[2026-05-22 22:58:15] ACTION: continue_cache_lookup | USER: 1 | DATA: {"uuid":"b6ff4afb-1e6c-4df4-b3b1-435523eb8933","found":true,"title":"Легендарный механик"}
[2026-05-22 22:58:15] ACTION: continue_audio_book | USER: 1 | DATA: {"book_id":"580","progress":"19"}
[2026-05-22 22:58:15] ACTION: continue_cache_lookup | USER: 1 | DATA: {"uuid":"c250fc30-0a1e-4126-bb8d-1966311cb4ac","found":true,"title":"Убийцы Драконов"}
[2026-05-22 22:58:15] ACTION: continue_audio_book | USER: 1 | DATA: {"book_id":"e6b3d69a-6de4-4f54-b1fd-0eb9cc43d89a","progress":"62758"}
[2026-05-22 22:58:15] ACTION: continue_cache_lookup | USER: 1 | DATA: {"uuid":"e6b3d69a-6de4-4f54-b1fd-0eb9cc43d89a","found":true,"title":"Лучший в мире мастер боевых искусств"}
[2026-05-22 22:58:15] ACTION: continue_audio_book | USER: 1 | DATA: {"book_id":"c250fc30-0a1e-4126-bb8d-1966311cb4ac","progress":"72174"}
[2026-05-22 22:58:15] ACTION: continue_cache_lookup | USER: 1 | DATA: {"uuid":"c250fc30-0a1e-4126-bb8d-1966311cb4ac","found":true,"title":"Убийцы Драконов"}
[2026-05-22 22:58:15] ACTION: continue_audio_book | USER: 1 | DATA: {"book_id":"39df1875-2fab-45ee-826a-cf3288afce91","progress":"5699"}
[2026-05-22 22:58:15] ACTION: continue_cache_lookup | USER: 1 | DATA: {"uuid":"39df1875-2fab-45ee-826a-cf3288afce91","found":true,"title":"Теневой раб"}
[2026-05-22 22:58:15] ACTION: continue_audio_book | USER: 1 | DATA: {"book_id":"8ab78ed7-59c3-4534-b10c-605cc05af6d4","progress":"76332"}
[2026-05-22 22:58:15] ACTION: continue_cache_lookup | USER: 1 | DATA: {"uuid":"8ab78ed7-59c3-4534-b10c-605cc05af6d4","found":true,"title":"Специалист по апгрейду из другого мира"}
[2026-05-22 22:58:15] ACTION: continue_audio_book | USER: 1 | DATA: {"book_id":"b6ff4afb-1e6c-4df4-b3b1-435523eb8933","progress":"93734"}
[2026-05-22 22:58:15] ACTION: continue_cache_lookup | USER: 1 | DATA: {"uuid":"b6ff4afb-1e6c-4df4-b3b1-435523eb8933","found":true,"title":"Легендарный механик"}
[2026-05-22 22:58:15] ACTION: continue_audio_book | USER: 1 | DATA: {"book_id":"585","progress":"1680"}
[2026-05-22 22:58:15] ACTION: continue_cache_lookup | USER: 1 | DATA: {"uuid":"b6ff4afb-1e6c-4df4-b3b1-435523eb8933","found":true,"title":"Легендарный механик"}
[2026-05-22 22:58:15] ACTION: continue_audio_book | USER: 1 | DATA: {"book_id":"580","progress":"19"}
[2026-05-22 22:58:15] ACTION: continue_cache_lookup | USER: 1 | DATA: {"uuid":"c250fc30-0a1e-4126-bb8d-1966311cb4ac","found":true,"title":"Убийцы Драконов"}
[2026-05-22 22:58:15] ACTION: continue_audio_book | USER: 1 | DATA: {"book_id":"e6b3d69a-6de4-4f54-b1fd-0eb9cc43d89a","progress":"62758"}
[2026-05-22 22:58:15] ACTION: continue_cache_lookup | USER: 1 | DATA: {"uuid":"e6b3d69a-6de4-4f54-b1fd-0eb9cc43d89a","found":true,"title":"Лучший в мире мастер боевых искусств"}
[2026-05-22 22:58:15] ACTION: continue_audio_book | USER: 1 | DATA: {"book_id":"c250fc30-0a1e-4126-bb8d-1966311cb4ac","progress":"72174"}
[2026-05-22 22:58:15] ACTION: continue_cache_lookup | USER: 1 | DATA: {"uuid":"c250fc30-0a1e-4126-bb8d-1966311cb4ac","found":true,"title":"Убийцы Драконов"}
[2026-05-22 22:58:15] ACTION: continue_audio_book | USER: 1 | DATA: {"book_id":"39df1875-2fab-45ee-826a-cf3288afce91","progress":"5699"}
[2026-05-22 22:58:15] ACTION: continue_cache_lookup | USER: 1 | DATA: {"uuid":"39df1875-2fab-45ee-826a-cf3288afce91","found":true,"title":"Теневой раб"}
[2026-05-22 22:58:15] ACTION: continue_audio_book | USER: 1 | DATA: {"book_id":"8ab78ed7-59c3-4534-b10c-605cc05af6d4","progress":"76332"}
[2026-05-22 22:58:15] ACTION: continue_cache_lookup | USER: 1 | DATA: {"uuid":"8ab78ed7-59c3-4534-b10c-605cc05af6d4","found":true,"title":"Специалист по апгрейду из другого мира"}
[2026-05-22 22:58:15] ACTION: continue_audio_book | USER: 1 | DATA: {"book_id":"b6ff4afb-1e6c-4df4-b3b1-435523eb8933","progress":"93734"}
[2026-05-22 22:58:15] ACTION: continue_cache_lookup | USER: 1 | DATA: {"uuid":"b6ff4afb-1e6c-4df4-b3b1-435523eb8933","found":true,"title":"Легендарный механик"}
[2026-05-22 22:58:15] ACTION: continue_audio_book | USER: 1 | DATA: {"book_id":"585","progress":"1680"}
[2026-05-22 22:58:15] ACTION: continue_cache_lookup | USER: 1 | DATA: {"uuid":"b6ff4afb-1e6c-4df4-b3b1-435523eb8933","found":true,"title":"Легендарный механик"}
[2026-05-22 22:58:15] ACTION: continue_audio_book | USER: 1 | DATA: {"book_id":"580","progress":"19"}
[2026-05-22 22:58:15] ACTION: continue_cache_lookup | USER: 1 | DATA: {"uuid":"c250fc30-0a1e-4126-bb8d-1966311cb4ac","found":true,"title":"Убийцы Драконов"}
[2026-05-22 22:58:15] ACTION: continue_audio_book | USER: 1 | DATA: {"book_id":"e6b3d69a-6de4-4f54-b1fd-0eb9cc43d89a","progress":"62758"}
[2026-05-22 22:58:15] ACTION: continue_cache_lookup | USER: 1 | DATA: {"uuid":"e6b3d69a-6de4-4f54-b1fd-0eb9cc43d89a","found":true,"title":"Лучший в мире мастер боевых искусств"}
[2026-05-22 22:58:15] ACTION: continue_audio_book | USER: 1 | DATA: {"book_id":"c250fc30-0a1e-4126-bb8d-1966311cb4ac","progress":"72174"}
[2026-05-22 22:58:15] ACTION: continue_cache_lookup | USER: 1 | DATA: {"uuid":"c250fc30-0a1e-4126-bb8d-1966311cb4ac","found":true,"title":"Убийцы Драконов"}
[2026-05-22 22:58:15] ACTION: continue_audio_book | USER: 1 | DATA: {"book_id":"39df1875-2fab-45ee-826a-cf3288afce91","progress":"5699"}
[2026-05-22 22:58:15] ACTION: continue_cache_lookup | USER: 1 | DATA: {"uuid":"39df1875-2fab-45ee-826a-cf3288afce91","found":true,"title":"Теневой раб"}
[2026-05-22 22:58:15] ACTION: continue_audio_book | USER: 1 | DATA: {"book_id":"8ab78ed7-59c3-4534-b10c-605cc05af6d4","progress":"76332"}
[2026-05-22 22:58:15] ACTION: continue_cache_lookup | USER: 1 | DATA: {"uuid":"8ab78ed7-59c3-4534-b10c-605cc05af6d4","found":true,"title":"Специалист по апгрейду из другого мира"}
[2026-05-22 22:58:19] ACTION: continue_audio_book | USER: 1 | DATA: {"book_id":"b6ff4afb-1e6c-4df4-b3b1-435523eb8933","progress":"93734"}
[2026-05-22 22:58:19] ACTION: continue_cache_lookup | USER: 1 | DATA: {"uuid":"b6ff4afb-1e6c-4df4-b3b1-435523eb8933","found":true,"title":"Легендарный механик"}
[2026-05-22 22:58:19] ACTION: continue_audio_book | USER: 1 | DATA: {"book_id":"585","progress":"1680"}
[2026-05-22 22:58:19] ACTION: continue_cache_lookup | USER: 1 | DATA: {"uuid":"b6ff4afb-1e6c-4df4-b3b1-435523eb8933","found":true,"title":"Легендарный механик"}
[2026-05-22 22:58:19] ACTION: continue_audio_book | USER: 1 | DATA: {"book_id":"580","progress":"19"}
[2026-05-22 22:58:19] ACTION: continue_cache_lookup | USER: 1 | DATA: {"uuid":"c250fc30-0a1e-4126-bb8d-1966311cb4ac","found":true,"title":"Убийцы Драконов"}
[2026-05-22 22:58:19] ACTION: continue_audio_book | USER: 1 | DATA: {"book_id":"e6b3d69a-6de4-4f54-b1fd-0eb9cc43d89a","progress":"62758"}
[2026-05-22 22:58:19] ACTION: continue_cache_lookup | USER: 1 | DATA: {"uuid":"e6b3d69a-6de4-4f54-b1fd-0eb9cc43d89a","found":true,"title":"Лучший в мире мастер боевых искусств"}
[2026-05-22 22:58:19] ACTION: continue_audio_book | USER: 1 | DATA: {"book_id":"c250fc30-0a1e-4126-bb8d-1966311cb4ac","progress":"72174"}
[2026-05-22 22:58:19] ACTION: continue_cache_lookup | USER: 1 | DATA: {"uuid":"c250fc30-0a1e-4126-bb8d-1966311cb4ac","found":true,"title":"Убийцы Драконов"}
[2026-05-22 22:58:19] ACTION: continue_audio_book | USER: 1 | DATA: {"book_id":"39df1875-2fab-45ee-826a-cf3288afce91","progress":"5699"}
[2026-05-22 22:58:19] ACTION: continue_cache_lookup | USER: 1 | DATA: {"uuid":"39df1875-2fab-45ee-826a-cf3288afce91","found":true,"title":"Теневой раб"}
[2026-05-22 22:58:19] ACTION: continue_audio_book | USER: 1 | DATA: {"book_id":"8ab78ed7-59c3-4534-b10c-605cc05af6d4","progress":"76332"}
[2026-05-22 22:58:19] ACTION: continue_cache_lookup | USER: 1 | DATA: {"uuid":"8ab78ed7-59c3-4534-b10c-605cc05af6d4","found":true,"title":"Специалист по апгрейду из другого мира"}
[2026-05-22 22:58:19] ACTION: continue_audio_book | USER: 1 | DATA: {"book_id":"b6ff4afb-1e6c-4df4-b3b1-435523eb8933","progress":"93734"}
[2026-05-22 22:58:19] ACTION: continue_cache_lookup | USER: 1 | DATA: {"uuid":"b6ff4afb-1e6c-4df4-b3b1-435523eb8933","found":true,"title":"Легендарный механик"}
[2026-05-22 22:58:19] ACTION: continue_audio_book | USER: 1 | DATA: {"book_id":"585","progress":"1680"}
[2026-05-22 22:58:19] ACTION: continue_cache_lookup | USER: 1 | DATA: {"uuid":"b6ff4afb-1e6c-4df4-b3b1-435523eb8933","found":true,"title":"Легендарный механик"}
[2026-05-22 22:58:19] ACTION: continue_audio_book | USER: 1 | DATA: {"book_id":"580","progress":"19"}
[2026-05-22 22:58:19] ACTION: continue_cache_lookup | USER: 1 | DATA: {"uuid":"c250fc30-0a1e-4126-bb8d-1966311cb4ac","found":true,"title":"Убийцы Драконов"}
[2026-05-22 22:58:19] ACTION: continue_audio_book | USER: 1 | DATA: {"book_id":"e6b3d69a-6de4-4f54-b1fd-0eb9cc43d89a","progress":"62758"}
[2026-05-22 22:58:19] ACTION: continue_cache_lookup | USER: 1 | DATA: {"uuid":"e6b3d69a-6de4-4f54-b1fd-0eb9cc43d89a","found":true,"title":"Лучший в мире мастер боевых искусств"}
[2026-05-22 22:58:19] ACTION: continue_audio_book | USER: 1 | DATA: {"book_id":"c250fc30-0a1e-4126-bb8d-1966311cb4ac","progress":"72174"}
[2026-05-22 22:58:19] ACTION: continue_cache_lookup | USER: 1 | DATA: {"uuid":"c250fc30-0a1e-4126-bb8d-1966311cb4ac","found":true,"title":"Убийцы Драконов"}
[2026-05-22 22:58:19] ACTION: continue_audio_book | USER: 1 | DATA: {"book_id":"39df1875-2fab-45ee-826a-cf3288afce91","progress":"5699"}
[2026-05-22 22:58:19] ACTION: continue_cache_lookup | USER: 1 | DATA: {"uuid":"39df1875-2fab-45ee-826a-cf3288afce91","found":true,"title":"Теневой раб"}
[2026-05-22 22:58:19] ACTION: continue_audio_book | USER: 1 | DATA: {"book_id":"8ab78ed7-59c3-4534-b10c-605cc05af6d4","progress":"76332"}
[2026-05-22 22:58:19] ACTION: continue_cache_lookup | USER: 1 | DATA: {"uuid":"8ab78ed7-59c3-4534-b10c-605cc05af6d4","found":true,"title":"Специалист по апгрейду из другого мира"}
[2026-05-22 22:58:20] ACTION: continue_audio_book | USER: 1 | DATA: {"book_id":"b6ff4afb-1e6c-4df4-b3b1-435523eb8933","progress":"93734"}
[2026-05-22 22:58:20] ACTION: continue_cache_lookup | USER: 1 | DATA: {"uuid":"b6ff4afb-1e6c-4df4-b3b1-435523eb8933","found":true,"title":"Легендарный механик"}
[2026-05-22 22:58:20] ACTION: continue_audio_book | USER: 1 | DATA: {"book_id":"585","progress":"1680"}
[2026-05-22 22:58:20] ACTION: continue_cache_lookup | USER: 1 | DATA: {"uuid":"b6ff4afb-1e6c-4df4-b3b1-435523eb8933","found":true,"title":"Легендарный механик"}
[2026-05-22 22:58:20] ACTION: continue_audio_book | USER: 1 | DATA: {"book_id":"580","progress":"19"}
[2026-05-22 22:58:20] ACTION: continue_cache_lookup | USER: 1 | DATA: {"uuid":"c250fc30-0a1e-4126-bb8d-1966311cb4ac","found":true,"title":"Убийцы Драконов"}
[2026-05-22 22:58:20] ACTION: continue_audio_book | USER: 1 | DATA: {"book_id":"e6b3d69a-6de4-4f54-b1fd-0eb9cc43d89a","progress":"62758"}
[2026-05-22 22:58:20] ACTION: continue_cache_lookup | USER: 1 | DATA: {"uuid":"e6b3d69a-6de4-4f54-b1fd-0eb9cc43d89a","found":true,"title":"Лучший в мире мастер боевых искусств"}
[2026-05-22 22:58:20] ACTION: continue_audio_book | USER: 1 | DATA: {"book_id":"c250fc30-0a1e-4126-bb8d-1966311cb4ac","progress":"72174"}
[2026-05-22 22:58:20] ACTION: continue_cache_lookup | USER: 1 | DATA: {"uuid":"c250fc30-0a1e-4126-bb8d-1966311cb4ac","found":true,"title":"Убийцы Драконов"}
[2026-05-22 22:58:20] ACTION: continue_audio_book | USER: 1 | DATA: {"book_id":"39df1875-2fab-45ee-826a-cf3288afce91","progress":"5699"}
[2026-05-22 22:58:20] ACTION: continue_cache_lookup | USER: 1 | DATA: {"uuid":"39df1875-2fab-45ee-826a-cf3288afce91","found":true,"title":"Теневой раб"}
[2026-05-22 22:58:20] ACTION: continue_audio_book | USER: 1 | DATA: {"book_id":"8ab78ed7-59c3-4534-b10c-605cc05af6d4","progress":"76332"}
[2026-05-22 22:58:20] ACTION: continue_cache_lookup | USER: 1 | DATA: {"uuid":"8ab78ed7-59c3-4534-b10c-605cc05af6d4","found":true,"title":"Специалист по апгрейду из другого мира"}
[2026-05-22 22:58:20] ACTION: continue_audio_book | USER: 1 | DATA: {"book_id":"b6ff4afb-1e6c-4df4-b3b1-435523eb8933","progress":"93734"}
[2026-05-22 22:58:20] ACTION: continue_cache_lookup | USER: 1 | DATA: {"uuid":"b6ff4afb-1e6c-4df4-b3b1-435523eb8933","found":true,"title":"Легендарный механик"}
[2026-05-22 22:58:20] ACTION: continue_audio_book | USER: 1 | DATA: {"book_id":"585","progress":"1680"}
[2026-05-22 22:58:20] ACTION: continue_cache_lookup | USER: 1 | DATA: {"uuid":"b6ff4afb-1e6c-4df4-b3b1-435523eb8933","found":true,"title":"Легендарный механик"}
[2026-05-22 22:58:20] ACTION: continue_audio_book | USER: 1 | DATA: {"book_id":"580","progress":"19"}
[2026-05-22 22:58:20] ACTION: continue_cache_lookup | USER: 1 | DATA: {"uuid":"c250fc30-0a1e-4126-bb8d-1966311cb4ac","found":true,"title":"Убийцы Драконов"}
[2026-05-22 22:58:20] ACTION: continue_audio_book | USER: 1 | DATA: {"book_id":"e6b3d69a-6de4-4f54-b1fd-0eb9cc43d89a","progress":"62758"}
[2026-05-22 22:58:20] ACTION: continue_cache_lookup | USER: 1 | DATA: {"uuid":"e6b3d69a-6de4-4f54-b1fd-0eb9cc43d89a","found":true,"title":"Лучший в мире мастер боевых искусств"}
[2026-05-22 22:58:20] ACTION: continue_audio_book | USER: 1 | DATA: {"book_id":"c250fc30-0a1e-4126-bb8d-1966311cb4ac","progress":"72174"}
[2026-05-22 22:58:20] ACTION: continue_cache_lookup | USER: 1 | DATA: {"uuid":"c250fc30-0a1e-4126-bb8d-1966311cb4ac","found":true,"title":"Убийцы Драконов"}
[2026-05-22 22:58:20] ACTION: continue_audio_book | USER: 1 | DATA: {"book_id":"39df1875-2fab-45ee-826a-cf3288afce91","progress":"5699"}
[2026-05-22 22:58:20] ACTION: continue_cache_lookup | USER: 1 | DATA: {"uuid":"39df1875-2fab-45ee-826a-cf3288afce91","found":true,"title":"Теневой раб"}
[2026-05-22 22:58:20] ACTION: continue_audio_book | USER: 1 | DATA: {"book_id":"8ab78ed7-59c3-4534-b10c-605cc05af6d4","progress":"76332"}
[2026-05-22 22:58:20] ACTION: continue_cache_lookup | USER: 1 | DATA: {"uuid":"8ab78ed7-59c3-4534-b10c-605cc05af6d4","found":true,"title":"Специалист по апгрейду из другого мира"}
[2026-05-22 22:58:20] ACTION: continue_audio_book | USER: 1 | DATA: {"book_id":"b6ff4afb-1e6c-4df4-b3b1-435523eb8933","progress":"93734"}
[2026-05-22 22:58:20] ACTION: continue_cache_lookup | USER: 1 | DATA: {"uuid":"b6ff4afb-1e6c-4df4-b3b1-435523eb8933","found":true,"title":"Легендарный механик"}
[2026-05-22 22:58:20] ACTION: continue_audio_book | USER: 1 | DATA: {"book_id":"585","progress":"1680"}
[2026-05-22 22:58:20] ACTION: continue_cache_lookup | USER: 1 | DATA: {"uuid":"b6ff4afb-1e6c-4df4-b3b1-435523eb8933","found":true,"title":"Легендарный механик"}
[2026-05-22 22:58:20] ACTION: continue_audio_book | USER: 1 | DATA: {"book_id":"580","progress":"19"}
[2026-05-22 22:58:20] ACTION: continue_cache_lookup | USER: 1 | DATA: {"uuid":"c250fc30-0a1e-4126-bb8d-1966311cb4ac","found":true,"title":"Убийцы Драконов"}
[2026-05-22 22:58:20] ACTION: continue_audio_book | USER: 1 | DATA: {"book_id":"e6b3d69a-6de4-4f54-b1fd-0eb9cc43d89a","progress":"62758"}
[2026-05-22 22:58:20] ACTION: continue_cache_lookup | USER: 1 | DATA: {"uuid":"e6b3d69a-6de4-4f54-b1fd-0eb9cc43d89a","found":true,"title":"Лучший в мире мастер боевых искусств"}
[2026-05-22 22:58:20] ACTION: continue_audio_book | USER: 1 | DATA: {"book_id":"c250fc30-0a1e-4126-bb8d-1966311cb4ac","progress":"72174"}
[2026-05-22 22:58:20] ACTION: continue_cache_lookup | USER: 1 | DATA: {"uuid":"c250fc30-0a1e-4126-bb8d-1966311cb4ac","found":true,"title":"Убийцы Драконов"}
[2026-05-22 22:58:20] ACTION: continue_audio_book | USER: 1 | DATA: {"book_id":"39df1875-2fab-45ee-826a-cf3288afce91","progress":"5699"}
[2026-05-22 22:58:20] ACTION: continue_cache_lookup | USER: 1 | DATA: {"uuid":"39df1875-2fab-45ee-826a-cf3288afce91","found":true,"title":"Теневой раб"}
[2026-05-22 22:58:20] ACTION: continue_audio_book | USER: 1 | DATA: {"book_id":"8ab78ed7-59c3-4534-b10c-605cc05af6d4","progress":"76332"}
[2026-05-22 22:58:20] ACTION: continue_cache_lookup | USER: 1 | DATA: {"uuid":"8ab78ed7-59c3-4534-b10c-605cc05af6d4","found":true,"title":"Специалист по апгрейду из другого мира"}
[2026-05-22 22:58:20] ACTION: continue_audio_book | USER: 1 | DATA: {"book_id":"b6ff4afb-1e6c-4df4-b3b1-435523eb8933","progress":"93734"}
[2026-05-22 22:58:20] ACTION: continue_cache_lookup | USER: 1 | DATA: {"uuid":"b6ff4afb-1e6c-4df4-b3b1-435523eb8933","found":true,"title":"Легендарный механик"}
[2026-05-22 22:58:20] ACTION: continue_audio_book | USER: 1 | DATA: {"book_id":"585","progress":"1680"}
[2026-05-22 22:58:20] ACTION: continue_cache_lookup | USER: 1 | DATA: {"uuid":"b6ff4afb-1e6c-4df4-b3b1-435523eb8933","found":true,"title":"Легендарный механик"}
[2026-05-22 22:58:20] ACTION: continue_audio_book | USER: 1 | DATA: {"book_id":"580","progress":"19"}
[2026-05-22 22:58:20] ACTION: continue_cache_lookup | USER: 1 | DATA: {"uuid":"c250fc30-0a1e-4126-bb8d-1966311cb4ac","found":true,"title":"Убийцы Драконов"}
[2026-05-22 22:58:20] ACTION: continue_audio_book | USER: 1 | DATA: {"book_id":"e6b3d69a-6de4-4f54-b1fd-0eb9cc43d89a","progress":"62758"}
[2026-05-22 22:58:20] ACTION: continue_cache_lookup | USER: 1 | DATA: {"uuid":"e6b3d69a-6de4-4f54-b1fd-0eb9cc43d89a","found":true,"title":"Лучший в мире мастер боевых искусств"}
[2026-05-22 22:58:20] ACTION: continue_audio_book | USER: 1 | DATA: {"book_id":"c250fc30-0a1e-4126-bb8d-1966311cb4ac","progress":"72174"}
[2026-05-22 22:58:20] ACTION: continue_cache_lookup | USER: 1 | DATA: {"uuid":"c250fc30-0a1e-4126-bb8d-1966311cb4ac","found":true,"title":"Убийцы Драконов"}
[2026-05-22 22:58:20] ACTION: continue_audio_book | USER: 1 | DATA: {"book_id":"39df1875-2fab-45ee-826a-cf3288afce91","progress":"5699"}
[2026-05-22 22:58:20] ACTION: continue_cache_lookup | USER: 1 | DATA: {"uuid":"39df1875-2fab-45ee-826a-cf3288afce91","found":true,"title":"Теневой раб"}
[2026-05-22 22:58:20] ACTION: continue_audio_book | USER: 1 | DATA: {"book_id":"8ab78ed7-59c3-4534-b10c-605cc05af6d4","progress":"76332"}
[2026-05-22 22:58:20] ACTION: continue_cache_lookup | USER: 1 | DATA: {"uuid":"8ab78ed7-59c3-4534-b10c-605cc05af6d4","found":true,"title":"Специалист по апгрейду из другого мира"}
[2026-05-22 22:58:20] ACTION: continue_audio_book | USER: 1 | DATA: {"book_id":"b6ff4afb-1e6c-4df4-b3b1-435523eb8933","progress":"93734"}
[2026-05-22 22:58:20] ACTION: continue_cache_lookup | USER: 1 | DATA: {"uuid":"b6ff4afb-1e6c-4df4-b3b1-435523eb8933","found":true,"title":"Легендарный механик"}
[2026-05-22 22:58:20] ACTION: continue_audio_book | USER: 1 | DATA: {"book_id":"585","progress":"1680"}
[2026-05-22 22:58:20] ACTION: continue_cache_lookup | USER: 1 | DATA: {"uuid":"b6ff4afb-1e6c-4df4-b3b1-435523eb8933","found":true,"title":"Легендарный механик"}
[2026-05-22 22:58:20] ACTION: continue_audio_book | USER: 1 | DATA: {"book_id":"580","progress":"19"}
[2026-05-22 22:58:20] ACTION: continue_cache_lookup | USER: 1 | DATA: {"uuid":"c250fc30-0a1e-4126-bb8d-1966311cb4ac","found":true,"title":"Убийцы Драконов"}
[2026-05-22 22:58:20] ACTION: continue_audio_book | USER: 1 | DATA: {"book_id":"e6b3d69a-6de4-4f54-b1fd-0eb9cc43d89a","progress":"62758"}
[2026-05-22 22:58:20] ACTION: continue_cache_lookup | USER: 1 | DATA: {"uuid":"e6b3d69a-6de4-4f54-b1fd-0eb9cc43d89a","found":true,"title":"Лучший в мире мастер боевых искусств"}
[2026-05-22 22:58:20] ACTION: continue_audio_book | USER: 1 | DATA: {"book_id":"c250fc30-0a1e-4126-bb8d-1966311cb4ac","progress":"72174"}
[2026-05-22 22:58:20] ACTION: continue_cache_lookup | USER: 1 | DATA: {"uuid":"c250fc30-0a1e-4126-bb8d-1966311cb4ac","found":true,"title":"Убийцы Драконов"}
[2026-05-22 22:58:20] ACTION: continue_audio_book | USER: 1 | DATA: {"book_id":"39df1875-2fab-45ee-826a-cf3288afce91","progress":"5699"}
[2026-05-22 22:58:20] ACTION: continue_cache_lookup | USER: 1 | DATA: {"uuid":"39df1875-2fab-45ee-826a-cf3288afce91","found":true,"title":"Теневой раб"}
[2026-05-22 22:58:20] ACTION: continue_audio_book | USER: 1 | DATA: {"book_id":"8ab78ed7-59c3-4534-b10c-605cc05af6d4","progress":"76332"}
[2026-05-22 22:58:20] ACTION: continue_cache_lookup | USER: 1 | DATA: {"uuid":"8ab78ed7-59c3-4534-b10c-605cc05af6d4","found":true,"title":"Специалист по апгрейду из другого мира"}
[2026-05-22 22:58:21] ACTION: continue_audio_book | USER: 1 | DATA: {"book_id":"b6ff4afb-1e6c-4df4-b3b1-435523eb8933","progress":"93734"}
[2026-05-22 22:58:21] ACTION: continue_cache_lookup | USER: 1 | DATA: {"uuid":"b6ff4afb-1e6c-4df4-b3b1-435523eb8933","found":true,"title":"Легендарный механик"}
[2026-05-22 22:58:21] ACTION: continue_audio_book | USER: 1 | DATA: {"book_id":"585","progress":"1680"}
[2026-05-22 22:58:21] ACTION: continue_cache_lookup | USER: 1 | DATA: {"uuid":"b6ff4afb-1e6c-4df4-b3b1-435523eb8933","found":true,"title":"Легендарный механик"}
[2026-05-22 22:58:21] ACTION: continue_audio_book | USER: 1 | DATA: {"book_id":"580","progress":"19"}
[2026-05-22 22:58:21] ACTION: continue_cache_lookup | USER: 1 | DATA: {"uuid":"c250fc30-0a1e-4126-bb8d-1966311cb4ac","found":true,"title":"Убийцы Драконов"}
[2026-05-22 22:58:21] ACTION: continue_audio_book | USER: 1 | DATA: {"book_id":"e6b3d69a-6de4-4f54-b1fd-0eb9cc43d89a","progress":"62758"}
[2026-05-22 22:58:21] ACTION: continue_cache_lookup | USER: 1 | DATA: {"uuid":"e6b3d69a-6de4-4f54-b1fd-0eb9cc43d89a","found":true,"title":"Лучший в мире мастер боевых искусств"}
[2026-05-22 22:58:21] ACTION: continue_audio_book | USER: 1 | DATA: {"book_id":"c250fc30-0a1e-4126-bb8d-1966311cb4ac","progress":"72174"}
[2026-05-22 22:58:21] ACTION: continue_cache_lookup | USER: 1 | DATA: {"uuid":"c250fc30-0a1e-4126-bb8d-1966311cb4ac","found":true,"title":"Убийцы Драконов"}
[2026-05-22 22:58:21] ACTION: continue_audio_book | USER: 1 | DATA: {"book_id":"39df1875-2fab-45ee-826a-cf3288afce91","progress":"5699"}
[2026-05-22 22:58:21] ACTION: continue_cache_lookup | USER: 1 | DATA: {"uuid":"39df1875-2fab-45ee-826a-cf3288afce91","found":true,"title":"Теневой раб"}
[2026-05-22 22:58:21] ACTION: continue_audio_book | USER: 1 | DATA: {"book_id":"8ab78ed7-59c3-4534-b10c-605cc05af6d4","progress":"76332"}
[2026-05-22 22:58:21] ACTION: continue_cache_lookup | USER: 1 | DATA: {"uuid":"8ab78ed7-59c3-4534-b10c-605cc05af6d4","found":true,"title":"Специалист по апгрейду из другого мира"}
[2026-05-22 22:58:21] ACTION: continue_audio_book | USER: 1 | DATA: {"book_id":"b6ff4afb-1e6c-4df4-b3b1-435523eb8933","progress":"93734"}
[2026-05-22 22:58:21] ACTION: continue_cache_lookup | USER: 1 | DATA: {"uuid":"b6ff4afb-1e6c-4df4-b3b1-435523eb8933","found":true,"title":"Легендарный механик"}
[2026-05-22 22:58:21] ACTION: continue_audio_book | USER: 1 | DATA: {"book_id":"585","progress":"1680"}
[2026-05-22 22:58:21] ACTION: continue_cache_lookup | USER: 1 | DATA: {"uuid":"b6ff4afb-1e6c-4df4-b3b1-435523eb8933","found":true,"title":"Легендарный механик"}
[2026-05-22 22:58:21] ACTION: continue_audio_book | USER: 1 | DATA: {"book_id":"580","progress":"19"}
[2026-05-22 22:58:21] ACTION: continue_cache_lookup | USER: 1 | DATA: {"uuid":"c250fc30-0a1e-4126-bb8d-1966311cb4ac","found":true,"title":"Убийцы Драконов"}
[2026-05-22 22:58:21] ACTION: continue_audio_book | USER: 1 | DATA: {"book_id":"e6b3d69a-6de4-4f54-b1fd-0eb9cc43d89a","progress":"62758"}
[2026-05-22 22:58:21] ACTION: continue_cache_lookup | USER: 1 | DATA: {"uuid":"e6b3d69a-6de4-4f54-b1fd-0eb9cc43d89a","found":true,"title":"Лучший в мире мастер боевых искусств"}
[2026-05-22 22:58:21] ACTION: continue_audio_book | USER: 1 | DATA: {"book_id":"c250fc30-0a1e-4126-bb8d-1966311cb4ac","progress":"72174"}
[2026-05-22 22:58:21] ACTION: continue_cache_lookup | USER: 1 | DATA: {"uuid":"c250fc30-0a1e-4126-bb8d-1966311cb4ac","found":true,"title":"Убийцы Драконов"}
[2026-05-22 22:58:21] ACTION: continue_audio_book | USER: 1 | DATA: {"book_id":"39df1875-2fab-45ee-826a-cf3288afce91","progress":"5699"}
[2026-05-22 22:58:21] ACTION: continue_cache_lookup | USER: 1 | DATA: {"uuid":"39df1875-2fab-45ee-826a-cf3288afce91","found":true,"title":"Теневой раб"}
[2026-05-22 22:58:21] ACTION: continue_audio_book | USER: 1 | DATA: {"book_id":"8ab78ed7-59c3-4534-b10c-605cc05af6d4","progress":"76332"}
[2026-05-22 22:58:21] ACTION: continue_cache_lookup | USER: 1 | DATA: {"uuid":"8ab78ed7-59c3-4534-b10c-605cc05af6d4","found":true,"title":"Специалист по апгрейду из другого мира"}
[2026-05-22 22:58:21] ACTION: continue_audio_book | USER: 1 | DATA: {"book_id":"b6ff4afb-1e6c-4df4-b3b1-435523eb8933","progress":"93734"}
[2026-05-22 22:58:21] ACTION: continue_cache_lookup | USER: 1 | DATA: {"uuid":"b6ff4afb-1e6c-4df4-b3b1-435523eb8933","found":true,"title":"Легендарный механик"}
[2026-05-22 22:58:21] ACTION: continue_audio_book | USER: 1 | DATA: {"book_id":"585","progress":"1680"}
[2026-05-22 22:58:21] ACTION: continue_cache_lookup | USER: 1 | DATA: {"uuid":"b6ff4afb-1e6c-4df4-b3b1-435523eb8933","found":true,"title":"Легендарный механик"}
[2026-05-22 22:58:21] ACTION: continue_audio_book | USER: 1 | DATA: {"book_id":"580","progress":"19"}
[2026-05-22 22:58:21] ACTION: continue_cache_lookup | USER: 1 | DATA: {"uuid":"c250fc30-0a1e-4126-bb8d-1966311cb4ac","found":true,"title":"Убийцы Драконов"}
[2026-05-22 22:58:21] ACTION: continue_audio_book | USER: 1 | DATA: {"book_id":"e6b3d69a-6de4-4f54-b1fd-0eb9cc43d89a","progress":"62758"}
[2026-05-22 22:58:21] ACTION: continue_cache_lookup | USER: 1 | DATA: {"uuid":"e6b3d69a-6de4-4f54-b1fd-0eb9cc43d89a","found":true,"title":"Лучший в мире мастер боевых искусств"}
[2026-05-22 22:58:21] ACTION: continue_audio_book | USER: 1 | DATA: {"book_id":"c250fc30-0a1e-4126-bb8d-1966311cb4ac","progress":"72174"}
[2026-05-22 22:58:21] ACTION: continue_cache_lookup | USER: 1 | DATA: {"uuid":"c250fc30-0a1e-4126-bb8d-1966311cb4ac","found":true,"title":"Убийцы Драконов"}
[2026-05-22 22:58:21] ACTION: continue_audio_book | USER: 1 | DATA: {"book_id":"39df1875-2fab-45ee-826a-cf3288afce91","progress":"5699"}
[2026-05-22 22:58:21] ACTION: continue_cache_lookup | USER: 1 | DATA: {"uuid":"39df1875-2fab-45ee-826a-cf3288afce91","found":true,"title":"Теневой раб"}
[2026-05-22 22:58:21] ACTION: continue_audio_book | USER: 1 | DATA: {"book_id":"8ab78ed7-59c3-4534-b10c-605cc05af6d4","progress":"76332"}
[2026-05-22 22:58:21] ACTION: continue_cache_lookup | USER: 1 | DATA: {"uuid":"8ab78ed7-59c3-4534-b10c-605cc05af6d4","found":true,"title":"Специалист по апгрейду из другого мира"}
[2026-05-22 22:58:21] ACTION: continue_audio_book | USER: 1 | DATA: {"book_id":"b6ff4afb-1e6c-4df4-b3b1-435523eb8933","progress":"93734"}
[2026-05-22 22:58:21] ACTION: continue_cache_lookup | USER: 1 | DATA: {"uuid":"b6ff4afb-1e6c-4df4-b3b1-435523eb8933","found":true,"title":"Легендарный механик"}
[2026-05-22 22:58:21] ACTION: continue_audio_book | USER: 1 | DATA: {"book_id":"585","progress":"1680"}
[2026-05-22 22:58:21] ACTION: continue_cache_lookup | USER: 1 | DATA: {"uuid":"b6ff4afb-1e6c-4df4-b3b1-435523eb8933","found":true,"title":"Легендарный механик"}
[2026-05-22 22:58:21] ACTION: continue_audio_book | USER: 1 | DATA: {"book_id":"580","progress":"19"}
[2026-05-22 22:58:21] ACTION: continue_cache_lookup | USER: 1 | DATA: {"uuid":"c250fc30-0a1e-4126-bb8d-1966311cb4ac","found":true,"title":"Убийцы Драконов"}
[2026-05-22 22:58:21] ACTION: continue_audio_book | USER: 1 | DATA: {"book_id":"e6b3d69a-6de4-4f54-b1fd-0eb9cc43d89a","progress":"62758"}
[2026-05-22 22:58:21] ACTION: continue_cache_lookup | USER: 1 | DATA: {"uuid":"e6b3d69a-6de4-4f54-b1fd-0eb9cc43d89a","found":true,"title":"Лучший в мире мастер боевых искусств"}
[2026-05-22 22:58:21] ACTION: continue_audio_book | USER: 1 | DATA: {"book_id":"c250fc30-0a1e-4126-bb8d-1966311cb4ac","progress":"72174"}
[2026-05-22 22:58:21] ACTION: continue_cache_lookup | USER: 1 | DATA: {"uuid":"c250fc30-0a1e-4126-bb8d-1966311cb4ac","found":true,"title":"Убийцы Драконов"}
[2026-05-22 22:58:21] ACTION: continue_audio_book | USER: 1 | DATA: {"book_id":"39df1875-2fab-45ee-826a-cf3288afce91","progress":"5699"}
[2026-05-22 22:58:21] ACTION: continue_cache_lookup | USER: 1 | DATA: {"uuid":"39df1875-2fab-45ee-826a-cf3288afce91","found":true,"title":"Теневой раб"}
[2026-05-22 22:58:21] ACTION: continue_audio_book | USER: 1 | DATA: {"book_id":"8ab78ed7-59c3-4534-b10c-605cc05af6d4","progress":"76332"}
[2026-05-22 22:58:21] ACTION: continue_cache_lookup | USER: 1 | DATA: {"uuid":"8ab78ed7-59c3-4534-b10c-605cc05af6d4","found":true,"title":"Специалист по апгрейду из другого мира"}
[2026-05-22 22:58:21] ACTION: continue_audio_book | USER: 1 | DATA: {"book_id":"b6ff4afb-1e6c-4df4-b3b1-435523eb8933","progress":"93734"}
[2026-05-22 22:58:21] ACTION: continue_cache_lookup | USER: 1 | DATA: {"uuid":"b6ff4afb-1e6c-4df4-b3b1-435523eb8933","found":true,"title":"Легендарный механик"}
[2026-05-22 22:58:21] ACTION: continue_audio_book | USER: 1 | DATA: {"book_id":"585","progress":"1680"}
[2026-05-22 22:58:21] ACTION: continue_cache_lookup | USER: 1 | DATA: {"uuid":"b6ff4afb-1e6c-4df4-b3b1-435523eb8933","found":true,"title":"Легендарный механик"}
[2026-05-22 22:58:21] ACTION: continue_audio_book | USER: 1 | DATA: {"book_id":"580","progress":"19"}
[2026-05-22 22:58:21] ACTION: continue_cache_lookup | USER: 1 | DATA: {"uuid":"c250fc30-0a1e-4126-bb8d-1966311cb4ac","found":true,"title":"Убийцы Драконов"}
[2026-05-22 22:58:21] ACTION: continue_audio_book | USER: 1 | DATA: {"book_id":"e6b3d69a-6de4-4f54-b1fd-0eb9cc43d89a","progress":"62758"}
[2026-05-22 22:58:21] ACTION: continue_cache_lookup | USER: 1 | DATA: {"uuid":"e6b3d69a-6de4-4f54-b1fd-0eb9cc43d89a","found":true,"title":"Лучший в мире мастер боевых искусств"}
[2026-05-22 22:58:21] ACTION: continue_audio_book | USER: 1 | DATA: {"book_id":"c250fc30-0a1e-4126-bb8d-1966311cb4ac","progress":"72174"}
[2026-05-22 22:58:21] ACTION: continue_cache_lookup | USER: 1 | DATA: {"uuid":"c250fc30-0a1e-4126-bb8d-1966311cb4ac","found":true,"title":"Убийцы Драконов"}
[2026-05-22 22:58:21] ACTION: continue_audio_book | USER: 1 | DATA: {"book_id":"39df1875-2fab-45ee-826a-cf3288afce91","progress":"5699"}
[2026-05-22 22:58:21] ACTION: continue_cache_lookup | USER: 1 | DATA: {"uuid":"39df1875-2fab-45ee-826a-cf3288afce91","found":true,"title":"Теневой раб"}
[2026-05-22 22:58:21] ACTION: continue_audio_book | USER: 1 | DATA: {"book_id":"8ab78ed7-59c3-4534-b10c-605cc05af6d4","progress":"76332"}
[2026-05-22 22:58:21] ACTION: continue_cache_lookup | USER: 1 | DATA: {"uuid":"8ab78ed7-59c3-4534-b10c-605cc05af6d4","found":true,"title":"Специалист по апгрейду из другого мира"}
[2026-05-22 22:59:00] ACTION: continue_audio_book | USER: 1 | DATA: {"book_id":"b6ff4afb-1e6c-4df4-b3b1-435523eb8933","progress":"93734"}
[2026-05-22 22:59:00] ACTION: continue_cache_lookup | USER: 1 | DATA: {"uuid":"b6ff4afb-1e6c-4df4-b3b1-435523eb8933","found":true,"title":"Легендарный механик"}
[2026-05-22 22:59:00] ACTION: continue_audio_book | USER: 1 | DATA: {"book_id":"585","progress":"1680"}
[2026-05-22 22:59:00] ACTION: continue_cache_lookup | USER: 1 | DATA: {"uuid":"b6ff4afb-1e6c-4df4-b3b1-435523eb8933","found":true,"title":"Легендарный механик"}
[2026-05-22 22:59:00] ACTION: continue_audio_book | USER: 1 | DATA: {"book_id":"580","progress":"19"}
[2026-05-22 22:59:00] ACTION: continue_cache_lookup | USER: 1 | DATA: {"uuid":"c250fc30-0a1e-4126-bb8d-1966311cb4ac","found":true,"title":"Убийцы Драконов"}
[2026-05-22 22:59:00] ACTION: continue_audio_book | USER: 1 | DATA: {"book_id":"e6b3d69a-6de4-4f54-b1fd-0eb9cc43d89a","progress":"62758"}
[2026-05-22 22:59:00] ACTION: continue_cache_lookup | USER: 1 | DATA: {"uuid":"e6b3d69a-6de4-4f54-b1fd-0eb9cc43d89a","found":true,"title":"Лучший в мире мастер боевых искусств"}
[2026-05-22 22:59:00] ACTION: continue_audio_book | USER: 1 | DATA: {"book_id":"c250fc30-0a1e-4126-bb8d-1966311cb4ac","progress":"72174"}
[2026-05-22 22:59:00] ACTION: continue_cache_lookup | USER: 1 | DATA: {"uuid":"c250fc30-0a1e-4126-bb8d-1966311cb4ac","found":true,"title":"Убийцы Драконов"}
[2026-05-22 22:59:00] ACTION: continue_audio_book | USER: 1 | DATA: {"book_id":"39df1875-2fab-45ee-826a-cf3288afce91","progress":"5699"}
[2026-05-22 22:59:00] ACTION: continue_cache_lookup | USER: 1 | DATA: {"uuid":"39df1875-2fab-45ee-826a-cf3288afce91","found":true,"title":"Теневой раб"}
[2026-05-22 22:59:00] ACTION: continue_audio_book | USER: 1 | DATA: {"book_id":"8ab78ed7-59c3-4534-b10c-605cc05af6d4","progress":"76332"}
[2026-05-22 22:59:00] ACTION: continue_cache_lookup | USER: 1 | DATA: {"uuid":"8ab78ed7-59c3-4534-b10c-605cc05af6d4","found":true,"title":"Специалист по апгрейду из другого мира"}
[2026-05-22 22:59:01] ACTION: continue_audio_book | USER: 1 | DATA: {"book_id":"b6ff4afb-1e6c-4df4-b3b1-435523eb8933","progress":"93734"}
[2026-05-22 22:59:01] ACTION: continue_cache_lookup | USER: 1 | DATA: {"uuid":"b6ff4afb-1e6c-4df4-b3b1-435523eb8933","found":true,"title":"Легендарный механик"}
[2026-05-22 22:59:01] ACTION: continue_audio_book | USER: 1 | DATA: {"book_id":"585","progress":"1680"}
[2026-05-22 22:59:01] ACTION: continue_cache_lookup | USER: 1 | DATA: {"uuid":"b6ff4afb-1e6c-4df4-b3b1-435523eb8933","found":true,"title":"Легендарный механик"}
[2026-05-22 22:59:01] ACTION: continue_audio_book | USER: 1 | DATA: {"book_id":"580","progress":"19"}
[2026-05-22 22:59:01] ACTION: continue_cache_lookup | USER: 1 | DATA: {"uuid":"c250fc30-0a1e-4126-bb8d-1966311cb4ac","found":true,"title":"Убийцы Драконов"}
[2026-05-22 22:59:01] ACTION: continue_audio_book | USER: 1 | DATA: {"book_id":"e6b3d69a-6de4-4f54-b1fd-0eb9cc43d89a","progress":"62758"}
[2026-05-22 22:59:01] ACTION: continue_cache_lookup | USER: 1 | DATA: {"uuid":"e6b3d69a-6de4-4f54-b1fd-0eb9cc43d89a","found":true,"title":"Лучший в мире мастер боевых искусств"}
[2026-05-22 22:59:01] ACTION: continue_audio_book | USER: 1 | DATA: {"book_id":"c250fc30-0a1e-4126-bb8d-1966311cb4ac","progress":"72174"}
[2026-05-22 22:59:01] ACTION: continue_cache_lookup | USER: 1 | DATA: {"uuid":"c250fc30-0a1e-4126-bb8d-1966311cb4ac","found":true,"title":"Убийцы Драконов"}
[2026-05-22 22:59:01] ACTION: continue_audio_book | USER: 1 | DATA: {"book_id":"39df1875-2fab-45ee-826a-cf3288afce91","progress":"5699"}
[2026-05-22 22:59:01] ACTION: continue_cache_lookup | USER: 1 | DATA: {"uuid":"39df1875-2fab-45ee-826a-cf3288afce91","found":true,"title":"Теневой раб"}
[2026-05-22 22:59:01] ACTION: continue_audio_book | USER: 1 | DATA: {"book_id":"8ab78ed7-59c3-4534-b10c-605cc05af6d4","progress":"76332"}
[2026-05-22 22:59:01] ACTION: continue_cache_lookup | USER: 1 | DATA: {"uuid":"8ab78ed7-59c3-4534-b10c-605cc05af6d4","found":true,"title":"Специалист по апгрейду из другого мира"}
[2026-05-22 22:59:01] ACTION: continue_audio_book | USER: 1 | DATA: {"book_id":"b6ff4afb-1e6c-4df4-b3b1-435523eb8933","progress":"93734"}
[2026-05-22 22:59:01] ACTION: continue_cache_lookup | USER: 1 | DATA: {"uuid":"b6ff4afb-1e6c-4df4-b3b1-435523eb8933","found":true,"title":"Легендарный механик"}
[2026-05-22 22:59:01] ACTION: continue_audio_book | USER: 1 | DATA: {"book_id":"585","progress":"1680"}
[2026-05-22 22:59:01] ACTION: continue_cache_lookup | USER: 1 | DATA: {"uuid":"b6ff4afb-1e6c-4df4-b3b1-435523eb8933","found":true,"title":"Легендарный механик"}
[2026-05-22 22:59:01] ACTION: continue_audio_book | USER: 1 | DATA: {"book_id":"580","progress":"19"}
[2026-05-22 22:59:01] ACTION: continue_cache_lookup | USER: 1 | DATA: {"uuid":"c250fc30-0a1e-4126-bb8d-1966311cb4ac","found":true,"title":"Убийцы Драконов"}
[2026-05-22 22:59:01] ACTION: continue_audio_book | USER: 1 | DATA: {"book_id":"e6b3d69a-6de4-4f54-b1fd-0eb9cc43d89a","progress":"62758"}
[2026-05-22 22:59:01] ACTION: continue_cache_lookup | USER: 1 | DATA: {"uuid":"e6b3d69a-6de4-4f54-b1fd-0eb9cc43d89a","found":true,"title":"Лучший в мире мастер боевых искусств"}
[2026-05-22 22:59:01] ACTION: continue_audio_book | USER: 1 | DATA: {"book_id":"c250fc30-0a1e-4126-bb8d-1966311cb4ac","progress":"72174"}
[2026-05-22 22:59:01] ACTION: continue_cache_lookup | USER: 1 | DATA: {"uuid":"c250fc30-0a1e-4126-bb8d-1966311cb4ac","found":true,"title":"Убийцы Драконов"}
[2026-05-22 22:59:01] ACTION: continue_audio_book | USER: 1 | DATA: {"book_id":"39df1875-2fab-45ee-826a-cf3288afce91","progress":"5699"}
[2026-05-22 22:59:01] ACTION: continue_cache_lookup | USER: 1 | DATA: {"uuid":"39df1875-2fab-45ee-826a-cf3288afce91","found":true,"title":"Теневой раб"}
[2026-05-22 22:59:01] ACTION: continue_audio_book | USER: 1 | DATA: {"book_id":"8ab78ed7-59c3-4534-b10c-605cc05af6d4","progress":"76332"}
[2026-05-22 22:59:01] ACTION: continue_cache_lookup | USER: 1 | DATA: {"uuid":"8ab78ed7-59c3-4534-b10c-605cc05af6d4","found":true,"title":"Специалист по апгрейду из другого мира"}
[2026-05-22 22:59:53] ACTION: get_abs_book_data | USER: 1 | DATA: {"GET":{"action":"get_abs_book_data","book_id":"e6b3d69a-6de4-4f54-b1fd-0eb9cc43d89a"}}
[2026-05-22 22:59:54] ACTION: get_abs_durations | USER: 1 | DATA: {"GET":{"action":"get_abs_durations","book_id":"e6b3d69a-6de4-4f54-b1fd-0eb9cc43d89a"}}
[2026-05-22 23:00:00] ACTION: get_abs_book_data | USER: 1 | DATA: {"GET":{"action":"get_abs_book_data","book_id":"e6b3d69a-6de4-4f54-b1fd-0eb9cc43d89a"}}
[2026-05-22 23:00:00] ACTION: get_abs_durations | USER: 1 | DATA: {"GET":{"action":"get_abs_durations","book_id":"e6b3d69a-6de4-4f54-b1fd-0eb9cc43d89a"}}
[2026-05-22 23:00:34] ACTION: get_abs_book_data | USER: 1 | DATA: {"GET":{"action":"get_abs_book_data","book_id":"b6ff4afb-1e6c-4df4-b3b1-435523eb8933"}}
[2026-05-22 23:00:35] ACTION: get_abs_durations | USER: 1 | DATA: {"GET":{"action":"get_abs_durations","book_id":"b6ff4afb-1e6c-4df4-b3b1-435523eb8933"}}
[2026-05-22 23:00:40] ACTION: get_abs_book_data | USER: 1 | DATA: {"GET":{"action":"get_abs_book_data","book_id":"e6b3d69a-6de4-4f54-b1fd-0eb9cc43d89a"}}
[2026-05-22 23:00:41] ACTION: get_abs_durations | USER: 1 | DATA: {"GET":{"action":"get_abs_durations","book_id":"e6b3d69a-6de4-4f54-b1fd-0eb9cc43d89a"}}
[2026-05-22 23:00:46] ACTION: get_abs_book_data | USER: 1 | DATA: {"GET":{"action":"get_abs_book_data","book_id":"39df1875-2fab-45ee-826a-cf3288afce91"}}
[2026-05-22 23:00:46] ACTION: get_abs_durations | USER: 1 | DATA: {"GET":{"action":"get_abs_durations","book_id":"39df1875-2fab-45ee-826a-cf3288afce91"}}
[2026-05-22 23:00:55] ACTION: save_progress | USER: 1 | DATA: {"POST":{"action":"save_abs_progress","book_id":"428","track_index":"4","progress_seconds":"4"}}
[2026-05-22 23:01:00] ACTION: save_progress | USER: 1 | DATA: {"POST":{"action":"save_abs_progress","book_id":"428","track_index":"4","progress_seconds":"9"}}
[2026-05-22 23:01:08] ACTION: continue_audio_book | USER: 1 | DATA: {"book_id":"428","progress":"9"}
[2026-05-22 23:01:08] ACTION: continue_cache_lookup | USER: 1 | DATA: {"uuid":"39df1875-2fab-45ee-826a-cf3288afce91","found":true,"title":"Теневой раб"}
[2026-05-22 23:01:08] ACTION: continue_audio_book | USER: 1 | DATA: {"book_id":"b6ff4afb-1e6c-4df4-b3b1-435523eb8933","progress":"93734"}
[2026-05-22 23:01:08] ACTION: continue_cache_lookup | USER: 1 | DATA: {"uuid":"b6ff4afb-1e6c-4df4-b3b1-435523eb8933","found":true,"title":"Легендарный механик"}
[2026-05-22 23:01:08] ACTION: continue_audio_book | USER: 1 | DATA: {"book_id":"585","progress":"1680"}
[2026-05-22 23:01:08] ACTION: continue_cache_lookup | USER: 1 | DATA: {"uuid":"b6ff4afb-1e6c-4df4-b3b1-435523eb8933","found":true,"title":"Легендарный механик"}
[2026-05-22 23:01:08] ACTION: continue_audio_book | USER: 1 | DATA: {"book_id":"580","progress":"19"}
[2026-05-22 23:01:08] ACTION: continue_cache_lookup | USER: 1 | DATA: {"uuid":"c250fc30-0a1e-4126-bb8d-1966311cb4ac","found":true,"title":"Убийцы Драконов"}
[2026-05-22 23:01:08] ACTION: continue_audio_book | USER: 1 | DATA: {"book_id":"e6b3d69a-6de4-4f54-b1fd-0eb9cc43d89a","progress":"62758"}
[2026-05-22 23:01:08] ACTION: continue_cache_lookup | USER: 1 | DATA: {"uuid":"e6b3d69a-6de4-4f54-b1fd-0eb9cc43d89a","found":true,"title":"Лучший в мире мастер боевых искусств"}
[2026-05-22 23:01:08] ACTION: continue_audio_book | USER: 1 | DATA: {"book_id":"c250fc30-0a1e-4126-bb8d-1966311cb4ac","progress":"72174"}
[2026-05-22 23:01:08] ACTION: continue_cache_lookup | USER: 1 | DATA: {"uuid":"c250fc30-0a1e-4126-bb8d-1966311cb4ac","found":true,"title":"Убийцы Драконов"}
[2026-05-22 23:01:08] ACTION: continue_audio_book | USER: 1 | DATA: {"book_id":"39df1875-2fab-45ee-826a-cf3288afce91","progress":"5699"}
[2026-05-22 23:01:08] ACTION: continue_cache_lookup | USER: 1 | DATA: {"uuid":"39df1875-2fab-45ee-826a-cf3288afce91","found":true,"title":"Теневой раб"}
[2026-05-22 23:01:08] ACTION: continue_audio_book | USER: 1 | DATA: {"book_id":"8ab78ed7-59c3-4534-b10c-605cc05af6d4","progress":"76332"}
[2026-05-22 23:01:08] ACTION: continue_cache_lookup | USER: 1 | DATA: {"uuid":"8ab78ed7-59c3-4534-b10c-605cc05af6d4","found":true,"title":"Специалист по апгрейду из другого мира"}
[2026-05-22 23:01:08] ACTION: continue_audio_book | USER: 1 | DATA: {"book_id":"428","progress":"9"}
[2026-05-22 23:01:08] ACTION: continue_cache_lookup | USER: 1 | DATA: {"uuid":"39df1875-2fab-45ee-826a-cf3288afce91","found":true,"title":"Теневой раб"}
[2026-05-22 23:01:08] ACTION: continue_audio_book | USER: 1 | DATA: {"book_id":"b6ff4afb-1e6c-4df4-b3b1-435523eb8933","progress":"93734"}
[2026-05-22 23:01:08] ACTION: continue_cache_lookup | USER: 1 | DATA: {"uuid":"b6ff4afb-1e6c-4df4-b3b1-435523eb8933","found":true,"title":"Легендарный механик"}
[2026-05-22 23:01:08] ACTION: continue_audio_book | USER: 1 | DATA: {"book_id":"585","progress":"1680"}
[2026-05-22 23:01:08] ACTION: continue_cache_lookup | USER: 1 | DATA: {"uuid":"b6ff4afb-1e6c-4df4-b3b1-435523eb8933","found":true,"title":"Легендарный механик"}
[2026-05-22 23:01:08] ACTION: continue_audio_book | USER: 1 | DATA: {"book_id":"580","progress":"19"}
[2026-05-22 23:01:08] ACTION: continue_cache_lookup | USER: 1 | DATA: {"uuid":"c250fc30-0a1e-4126-bb8d-1966311cb4ac","found":true,"title":"Убийцы Драконов"}
[2026-05-22 23:01:08] ACTION: continue_audio_book | USER: 1 | DATA: {"book_id":"e6b3d69a-6de4-4f54-b1fd-0eb9cc43d89a","progress":"62758"}
[2026-05-22 23:01:08] ACTION: continue_cache_lookup | USER: 1 | DATA: {"uuid":"e6b3d69a-6de4-4f54-b1fd-0eb9cc43d89a","found":true,"title":"Лучший в мире мастер боевых искусств"}
[2026-05-22 23:01:08] ACTION: continue_audio_book | USER: 1 | DATA: {"book_id":"c250fc30-0a1e-4126-bb8d-1966311cb4ac","progress":"72174"}
[2026-05-22 23:01:08] ACTION: continue_cache_lookup | USER: 1 | DATA: {"uuid":"c250fc30-0a1e-4126-bb8d-1966311cb4ac","found":true,"title":"Убийцы Драконов"}
[2026-05-22 23:01:08] ACTION: continue_audio_book | USER: 1 | DATA: {"book_id":"39df1875-2fab-45ee-826a-cf3288afce91","progress":"5699"}
[2026-05-22 23:01:08] ACTION: continue_cache_lookup | USER: 1 | DATA: {"uuid":"39df1875-2fab-45ee-826a-cf3288afce91","found":true,"title":"Теневой раб"}
[2026-05-22 23:01:08] ACTION: continue_audio_book | USER: 1 | DATA: {"book_id":"8ab78ed7-59c3-4534-b10c-605cc05af6d4","progress":"76332"}
[2026-05-22 23:01:08] ACTION: continue_cache_lookup | USER: 1 | DATA: {"uuid":"8ab78ed7-59c3-4534-b10c-605cc05af6d4","found":true,"title":"Специалист по апгрейду из другого мира"}
[2026-05-22 23:01:08] ACTION: continue_audio_book | USER: 1 | DATA: {"book_id":"428","progress":"9"}
[2026-05-22 23:01:08] ACTION: continue_cache_lookup | USER: 1 | DATA: {"uuid":"39df1875-2fab-45ee-826a-cf3288afce91","found":true,"title":"Теневой раб"}
[2026-05-22 23:01:08] ACTION: continue_audio_book | USER: 1 | DATA: {"book_id":"b6ff4afb-1e6c-4df4-b3b1-435523eb8933","progress":"93734"}
[2026-05-22 23:01:08] ACTION: continue_cache_lookup | USER: 1 | DATA: {"uuid":"b6ff4afb-1e6c-4df4-b3b1-435523eb8933","found":true,"title":"Легендарный механик"}
[2026-05-22 23:01:08] ACTION: continue_audio_book | USER: 1 | DATA: {"book_id":"585","progress":"1680"}
[2026-05-22 23:01:08] ACTION: continue_cache_lookup | USER: 1 | DATA: {"uuid":"b6ff4afb-1e6c-4df4-b3b1-435523eb8933","found":true,"title":"Легендарный механик"}
[2026-05-22 23:01:08] ACTION: continue_audio_book | USER: 1 | DATA: {"book_id":"580","progress":"19"}
[2026-05-22 23:01:08] ACTION: continue_cache_lookup | USER: 1 | DATA: {"uuid":"c250fc30-0a1e-4126-bb8d-1966311cb4ac","found":true,"title":"Убийцы Драконов"}
[2026-05-22 23:01:08] ACTION: continue_audio_book | USER: 1 | DATA: {"book_id":"e6b3d69a-6de4-4f54-b1fd-0eb9cc43d89a","progress":"62758"}
[2026-05-22 23:01:08] ACTION: continue_cache_lookup | USER: 1 | DATA: {"uuid":"e6b3d69a-6de4-4f54-b1fd-0eb9cc43d89a","found":true,"title":"Лучший в мире мастер боевых искусств"}
[2026-05-22 23:01:08] ACTION: continue_audio_book | USER: 1 | DATA: {"book_id":"c250fc30-0a1e-4126-bb8d-1966311cb4ac","progress":"72174"}
[2026-05-22 23:01:08] ACTION: continue_cache_lookup | USER: 1 | DATA: {"uuid":"c250fc30-0a1e-4126-bb8d-1966311cb4ac","found":true,"title":"Убийцы Драконов"}
[2026-05-22 23:01:08] ACTION: continue_audio_book | USER: 1 | DATA: {"book_id":"39df1875-2fab-45ee-826a-cf3288afce91","progress":"5699"}
[2026-05-22 23:01:08] ACTION: continue_cache_lookup | USER: 1 | DATA: {"uuid":"39df1875-2fab-45ee-826a-cf3288afce91","found":true,"title":"Теневой раб"}
[2026-05-22 23:01:08] ACTION: continue_audio_book | USER: 1 | DATA: {"book_id":"8ab78ed7-59c3-4534-b10c-605cc05af6d4","progress":"76332"}
[2026-05-22 23:01:08] ACTION: continue_cache_lookup | USER: 1 | DATA: {"uuid":"8ab78ed7-59c3-4534-b10c-605cc05af6d4","found":true,"title":"Специалист по апгрейду из другого мира"}
[2026-05-22 23:01:08] ACTION: continue_audio_book | USER: 1 | DATA: {"book_id":"428","progress":"9"}
[2026-05-22 23:01:08] ACTION: continue_cache_lookup | USER: 1 | DATA: {"uuid":"39df1875-2fab-45ee-826a-cf3288afce91","found":true,"title":"Теневой раб"}
[2026-05-22 23:01:08] ACTION: continue_audio_book | USER: 1 | DATA: {"book_id":"b6ff4afb-1e6c-4df4-b3b1-435523eb8933","progress":"93734"}
[2026-05-22 23:01:08] ACTION: continue_cache_lookup | USER: 1 | DATA: {"uuid":"b6ff4afb-1e6c-4df4-b3b1-435523eb8933","found":true,"title":"Легендарный механик"}
[2026-05-22 23:01:08] ACTION: continue_audio_book | USER: 1 | DATA: {"book_id":"585","progress":"1680"}
[2026-05-22 23:01:08] ACTION: continue_cache_lookup | USER: 1 | DATA: {"uuid":"b6ff4afb-1e6c-4df4-b3b1-435523eb8933","found":true,"title":"Легендарный механик"}
[2026-05-22 23:01:08] ACTION: continue_audio_book | USER: 1 | DATA: {"book_id":"580","progress":"19"}
[2026-05-22 23:01:08] ACTION: continue_cache_lookup | USER: 1 | DATA: {"uuid":"c250fc30-0a1e-4126-bb8d-1966311cb4ac","found":true,"title":"Убийцы Драконов"}
[2026-05-22 23:01:08] ACTION: continue_audio_book | USER: 1 | DATA: {"book_id":"e6b3d69a-6de4-4f54-b1fd-0eb9cc43d89a","progress":"62758"}
[2026-05-22 23:01:08] ACTION: continue_cache_lookup | USER: 1 | DATA: {"uuid":"e6b3d69a-6de4-4f54-b1fd-0eb9cc43d89a","found":true,"title":"Лучший в мире мастер боевых искусств"}
[2026-05-22 23:01:08] ACTION: continue_audio_book | USER: 1 | DATA: {"book_id":"c250fc30-0a1e-4126-bb8d-1966311cb4ac","progress":"72174"}
[2026-05-22 23:01:08] ACTION: continue_cache_lookup | USER: 1 | DATA: {"uuid":"c250fc30-0a1e-4126-bb8d-1966311cb4ac","found":true,"title":"Убийцы Драконов"}
[2026-05-22 23:01:08] ACTION: continue_audio_book | USER: 1 | DATA: {"book_id":"39df1875-2fab-45ee-826a-cf3288afce91","progress":"5699"}
[2026-05-22 23:01:08] ACTION: continue_cache_lookup | USER: 1 | DATA: {"uuid":"39df1875-2fab-45ee-826a-cf3288afce91","found":true,"title":"Теневой раб"}
[2026-05-22 23:01:08] ACTION: continue_audio_book | USER: 1 | DATA: {"book_id":"8ab78ed7-59c3-4534-b10c-605cc05af6d4","progress":"76332"}
[2026-05-22 23:01:08] ACTION: continue_cache_lookup | USER: 1 | DATA: {"uuid":"8ab78ed7-59c3-4534-b10c-605cc05af6d4","found":true,"title":"Специалист по апгрейду из другого мира"}
[2026-05-22 23:01:09] ACTION: continue_audio_book | USER: 1 | DATA: {"book_id":"428","progress":"9"}
[2026-05-22 23:01:09] ACTION: continue_cache_lookup | USER: 1 | DATA: {"uuid":"39df1875-2fab-45ee-826a-cf3288afce91","found":true,"title":"Теневой раб"}
[2026-05-22 23:01:09] ACTION: continue_audio_book | USER: 1 | DATA: {"book_id":"b6ff4afb-1e6c-4df4-b3b1-435523eb8933","progress":"93734"}
[2026-05-22 23:01:09] ACTION: continue_cache_lookup | USER: 1 | DATA: {"uuid":"b6ff4afb-1e6c-4df4-b3b1-435523eb8933","found":true,"title":"Легендарный механик"}
[2026-05-22 23:01:09] ACTION: continue_audio_book | USER: 1 | DATA: {"book_id":"585","progress":"1680"}
[2026-05-22 23:01:09] ACTION: continue_cache_lookup | USER: 1 | DATA: {"uuid":"b6ff4afb-1e6c-4df4-b3b1-435523eb8933","found":true,"title":"Легендарный механик"}
[2026-05-22 23:01:09] ACTION: continue_audio_book | USER: 1 | DATA: {"book_id":"580","progress":"19"}
[2026-05-22 23:01:09] ACTION: continue_cache_lookup | USER: 1 | DATA: {"uuid":"c250fc30-0a1e-4126-bb8d-1966311cb4ac","found":true,"title":"Убийцы Драконов"}
[2026-05-22 23:01:09] ACTION: continue_audio_book | USER: 1 | DATA: {"book_id":"e6b3d69a-6de4-4f54-b1fd-0eb9cc43d89a","progress":"62758"}
[2026-05-22 23:01:09] ACTION: continue_cache_lookup | USER: 1 | DATA: {"uuid":"e6b3d69a-6de4-4f54-b1fd-0eb9cc43d89a","found":true,"title":"Лучший в мире мастер боевых искусств"}
[2026-05-22 23:01:09] ACTION: continue_audio_book | USER: 1 | DATA: {"book_id":"c250fc30-0a1e-4126-bb8d-1966311cb4ac","progress":"72174"}
[2026-05-22 23:01:09] ACTION: continue_cache_lookup | USER: 1 | DATA: {"uuid":"c250fc30-0a1e-4126-bb8d-1966311cb4ac","found":true,"title":"Убийцы Драконов"}
[2026-05-22 23:01:09] ACTION: continue_audio_book | USER: 1 | DATA: {"book_id":"39df1875-2fab-45ee-826a-cf3288afce91","progress":"5699"}
[2026-05-22 23:01:09] ACTION: continue_cache_lookup | USER: 1 | DATA: {"uuid":"39df1875-2fab-45ee-826a-cf3288afce91","found":true,"title":"Теневой раб"}
[2026-05-22 23:01:09] ACTION: continue_audio_book | USER: 1 | DATA: {"book_id":"8ab78ed7-59c3-4534-b10c-605cc05af6d4","progress":"76332"}
[2026-05-22 23:01:09] ACTION: continue_cache_lookup | USER: 1 | DATA: {"uuid":"8ab78ed7-59c3-4534-b10c-605cc05af6d4","found":true,"title":"Специалист по апгрейду из другого мира"}
[2026-05-22 23:01:12] ACTION: continue_audio_book | USER: 1 | DATA: {"book_id":"428","progress":"9"}
[2026-05-22 23:01:12] ACTION: continue_cache_lookup | USER: 1 | DATA: {"uuid":"39df1875-2fab-45ee-826a-cf3288afce91","found":true,"title":"Теневой раб"}
[2026-05-22 23:01:12] ACTION: continue_audio_book | USER: 1 | DATA: {"book_id":"b6ff4afb-1e6c-4df4-b3b1-435523eb8933","progress":"93734"}
[2026-05-22 23:01:12] ACTION: continue_cache_lookup | USER: 1 | DATA: {"uuid":"b6ff4afb-1e6c-4df4-b3b1-435523eb8933","found":true,"title":"Легендарный механик"}
[2026-05-22 23:01:12] ACTION: continue_audio_book | USER: 1 | DATA: {"book_id":"585","progress":"1680"}
[2026-05-22 23:01:12] ACTION: continue_cache_lookup | USER: 1 | DATA: {"uuid":"b6ff4afb-1e6c-4df4-b3b1-435523eb8933","found":true,"title":"Легендарный механик"}
[2026-05-22 23:01:12] ACTION: continue_audio_book | USER: 1 | DATA: {"book_id":"580","progress":"19"}
[2026-05-22 23:01:12] ACTION: continue_cache_lookup | USER: 1 | DATA: {"uuid":"c250fc30-0a1e-4126-bb8d-1966311cb4ac","found":true,"title":"Убийцы Драконов"}
[2026-05-22 23:01:12] ACTION: continue_audio_book | USER: 1 | DATA: {"book_id":"e6b3d69a-6de4-4f54-b1fd-0eb9cc43d89a","progress":"62758"}
[2026-05-22 23:01:12] ACTION: continue_cache_lookup | USER: 1 | DATA: {"uuid":"e6b3d69a-6de4-4f54-b1fd-0eb9cc43d89a","found":true,"title":"Лучший в мире мастер боевых искусств"}
[2026-05-22 23:01:12] ACTION: continue_audio_book | USER: 1 | DATA: {"book_id":"c250fc30-0a1e-4126-bb8d-1966311cb4ac","progress":"72174"}
[2026-05-22 23:01:12] ACTION: continue_cache_lookup | USER: 1 | DATA: {"uuid":"c250fc30-0a1e-4126-bb8d-1966311cb4ac","found":true,"title":"Убийцы Драконов"}
[2026-05-22 23:01:12] ACTION: continue_audio_book | USER: 1 | DATA: {"book_id":"39df1875-2fab-45ee-826a-cf3288afce91","progress":"5699"}
[2026-05-22 23:01:12] ACTION: continue_cache_lookup | USER: 1 | DATA: {"uuid":"39df1875-2fab-45ee-826a-cf3288afce91","found":true,"title":"Теневой раб"}
[2026-05-22 23:01:12] ACTION: continue_audio_book | USER: 1 | DATA: {"book_id":"8ab78ed7-59c3-4534-b10c-605cc05af6d4","progress":"76332"}
[2026-05-22 23:01:12] ACTION: continue_cache_lookup | USER: 1 | DATA: {"uuid":"8ab78ed7-59c3-4534-b10c-605cc05af6d4","found":true,"title":"Специалист по апгрейду из другого мира"}
[2026-05-22 23:01:12] ACTION: continue_audio_book | USER: 1 | DATA: {"book_id":"428","progress":"9"}
[2026-05-22 23:01:12] ACTION: continue_cache_lookup | USER: 1 | DATA: {"uuid":"39df1875-2fab-45ee-826a-cf3288afce91","found":true,"title":"Теневой раб"}
[2026-05-22 23:01:12] ACTION: continue_audio_book | USER: 1 | DATA: {"book_id":"b6ff4afb-1e6c-4df4-b3b1-435523eb8933","progress":"93734"}
[2026-05-22 23:01:12] ACTION: continue_cache_lookup | USER: 1 | DATA: {"uuid":"b6ff4afb-1e6c-4df4-b3b1-435523eb8933","found":true,"title":"Легендарный механик"}
[2026-05-22 23:01:12] ACTION: continue_audio_book | USER: 1 | DATA: {"book_id":"585","progress":"1680"}
[2026-05-22 23:01:12] ACTION: continue_cache_lookup | USER: 1 | DATA: {"uuid":"b6ff4afb-1e6c-4df4-b3b1-435523eb8933","found":true,"title":"Легендарный механик"}
[2026-05-22 23:01:12] ACTION: continue_audio_book | USER: 1 | DATA: {"book_id":"580","progress":"19"}
[2026-05-22 23:01:12] ACTION: continue_cache_lookup | USER: 1 | DATA: {"uuid":"c250fc30-0a1e-4126-bb8d-1966311cb4ac","found":true,"title":"Убийцы Драконов"}
[2026-05-22 23:01:12] ACTION: continue_audio_book | USER: 1 | DATA: {"book_id":"e6b3d69a-6de4-4f54-b1fd-0eb9cc43d89a","progress":"62758"}
[2026-05-22 23:01:12] ACTION: continue_cache_lookup | USER: 1 | DATA: {"uuid":"e6b3d69a-6de4-4f54-b1fd-0eb9cc43d89a","found":true,"title":"Лучший в мире мастер боевых искусств"}
[2026-05-22 23:01:12] ACTION: continue_audio_book | USER: 1 | DATA: {"book_id":"c250fc30-0a1e-4126-bb8d-1966311cb4ac","progress":"72174"}
[2026-05-22 23:01:12] ACTION: continue_cache_lookup | USER: 1 | DATA: {"uuid":"c250fc30-0a1e-4126-bb8d-1966311cb4ac","found":true,"title":"Убийцы Драконов"}
[2026-05-22 23:01:12] ACTION: continue_audio_book | USER: 1 | DATA: {"book_id":"39df1875-2fab-45ee-826a-cf3288afce91","progress":"5699"}
[2026-05-22 23:01:12] ACTION: continue_cache_lookup | USER: 1 | DATA: {"uuid":"39df1875-2fab-45ee-826a-cf3288afce91","found":true,"title":"Теневой раб"}
[2026-05-22 23:01:12] ACTION: continue_audio_book | USER: 1 | DATA: {"book_id":"8ab78ed7-59c3-4534-b10c-605cc05af6d4","progress":"76332"}
[2026-05-22 23:01:12] ACTION: continue_cache_lookup | USER: 1 | DATA: {"uuid":"8ab78ed7-59c3-4534-b10c-605cc05af6d4","found":true,"title":"Специалист по апгрейду из другого мира"}
[2026-05-22 23:01:13] ACTION: continue_audio_book | USER: 1 | DATA: {"book_id":"428","progress":"9"}
[2026-05-22 23:01:13] ACTION: continue_cache_lookup | USER: 1 | DATA: {"uuid":"39df1875-2fab-45ee-826a-cf3288afce91","found":true,"title":"Теневой раб"}
[2026-05-22 23:01:13] ACTION: continue_audio_book | USER: 1 | DATA: {"book_id":"b6ff4afb-1e6c-4df4-b3b1-435523eb8933","progress":"93734"}
[2026-05-22 23:01:13] ACTION: continue_cache_lookup | USER: 1 | DATA: {"uuid":"b6ff4afb-1e6c-4df4-b3b1-435523eb8933","found":true,"title":"Легендарный механик"}
[2026-05-22 23:01:13] ACTION: continue_audio_book | USER: 1 | DATA: {"book_id":"585","progress":"1680"}
[2026-05-22 23:01:13] ACTION: continue_cache_lookup | USER: 1 | DATA: {"uuid":"b6ff4afb-1e6c-4df4-b3b1-435523eb8933","found":true,"title":"Легендарный механик"}
[2026-05-22 23:01:13] ACTION: continue_audio_book | USER: 1 | DATA: {"book_id":"580","progress":"19"}
[2026-05-22 23:01:13] ACTION: continue_cache_lookup | USER: 1 | DATA: {"uuid":"c250fc30-0a1e-4126-bb8d-1966311cb4ac","found":true,"title":"Убийцы Драконов"}
[2026-05-22 23:01:13] ACTION: continue_audio_book | USER: 1 | DATA: {"book_id":"e6b3d69a-6de4-4f54-b1fd-0eb9cc43d89a","progress":"62758"}
[2026-05-22 23:01:13] ACTION: continue_cache_lookup | USER: 1 | DATA: {"uuid":"e6b3d69a-6de4-4f54-b1fd-0eb9cc43d89a","found":true,"title":"Лучший в мире мастер боевых искусств"}
[2026-05-22 23:01:13] ACTION: continue_audio_book | USER: 1 | DATA: {"book_id":"c250fc30-0a1e-4126-bb8d-1966311cb4ac","progress":"72174"}
[2026-05-22 23:01:13] ACTION: continue_cache_lookup | USER: 1 | DATA: {"uuid":"c250fc30-0a1e-4126-bb8d-1966311cb4ac","found":true,"title":"Убийцы Драконов"}
[2026-05-22 23:01:13] ACTION: continue_audio_book | USER: 1 | DATA: {"book_id":"39df1875-2fab-45ee-826a-cf3288afce91","progress":"5699"}
[2026-05-22 23:01:13] ACTION: continue_cache_lookup | USER: 1 | DATA: {"uuid":"39df1875-2fab-45ee-826a-cf3288afce91","found":true,"title":"Теневой раб"}
[2026-05-22 23:01:13] ACTION: continue_audio_book | USER: 1 | DATA: {"book_id":"8ab78ed7-59c3-4534-b10c-605cc05af6d4","progress":"76332"}
[2026-05-22 23:01:13] ACTION: continue_cache_lookup | USER: 1 | DATA: {"uuid":"8ab78ed7-59c3-4534-b10c-605cc05af6d4","found":true,"title":"Специалист по апгрейду из другого мира"}
[2026-05-22 23:01:13] ACTION: continue_audio_book | USER: 1 | DATA: {"book_id":"428","progress":"9"}
[2026-05-22 23:01:13] ACTION: continue_cache_lookup | USER: 1 | DATA: {"uuid":"39df1875-2fab-45ee-826a-cf3288afce91","found":true,"title":"Теневой раб"}
[2026-05-22 23:01:13] ACTION: continue_audio_book | USER: 1 | DATA: {"book_id":"b6ff4afb-1e6c-4df4-b3b1-435523eb8933","progress":"93734"}
[2026-05-22 23:01:13] ACTION: continue_cache_lookup | USER: 1 | DATA: {"uuid":"b6ff4afb-1e6c-4df4-b3b1-435523eb8933","found":true,"title":"Легендарный механик"}
[2026-05-22 23:01:13] ACTION: continue_audio_book | USER: 1 | DATA: {"book_id":"585","progress":"1680"}
[2026-05-22 23:01:13] ACTION: continue_cache_lookup | USER: 1 | DATA: {"uuid":"b6ff4afb-1e6c-4df4-b3b1-435523eb8933","found":true,"title":"Легендарный механик"}
[2026-05-22 23:01:13] ACTION: continue_audio_book | USER: 1 | DATA: {"book_id":"580","progress":"19"}
[2026-05-22 23:01:13] ACTION: continue_cache_lookup | USER: 1 | DATA: {"uuid":"c250fc30-0a1e-4126-bb8d-1966311cb4ac","found":true,"title":"Убийцы Драконов"}
[2026-05-22 23:01:13] ACTION: continue_audio_book | USER: 1 | DATA: {"book_id":"e6b3d69a-6de4-4f54-b1fd-0eb9cc43d89a","progress":"62758"}
[2026-05-22 23:01:13] ACTION: continue_cache_lookup | USER: 1 | DATA: {"uuid":"e6b3d69a-6de4-4f54-b1fd-0eb9cc43d89a","found":true,"title":"Лучший в мире мастер боевых искусств"}
[2026-05-22 23:01:13] ACTION: continue_audio_book | USER: 1 | DATA: {"book_id":"c250fc30-0a1e-4126-bb8d-1966311cb4ac","progress":"72174"}
[2026-05-22 23:01:13] ACTION: continue_cache_lookup | USER: 1 | DATA: {"uuid":"c250fc30-0a1e-4126-bb8d-1966311cb4ac","found":true,"title":"Убийцы Драконов"}
[2026-05-22 23:01:13] ACTION: continue_audio_book | USER: 1 | DATA: {"book_id":"39df1875-2fab-45ee-826a-cf3288afce91","progress":"5699"}
[2026-05-22 23:01:13] ACTION: continue_cache_lookup | USER: 1 | DATA: {"uuid":"39df1875-2fab-45ee-826a-cf3288afce91","found":true,"title":"Теневой раб"}
[2026-05-22 23:01:13] ACTION: continue_audio_book | USER: 1 | DATA: {"book_id":"8ab78ed7-59c3-4534-b10c-605cc05af6d4","progress":"76332"}
[2026-05-22 23:01:13] ACTION: continue_cache_lookup | USER: 1 | DATA: {"uuid":"8ab78ed7-59c3-4534-b10c-605cc05af6d4","found":true,"title":"Специалист по апгрейду из другого мира"}
[2026-05-22 23:01:13] ACTION: continue_audio_book | USER: 1 | DATA: {"book_id":"428","progress":"9"}
[2026-05-22 23:01:13] ACTION: continue_cache_lookup | USER: 1 | DATA: {"uuid":"39df1875-2fab-45ee-826a-cf3288afce91","found":true,"title":"Теневой раб"}
[2026-05-22 23:01:13] ACTION: continue_audio_book | USER: 1 | DATA: {"book_id":"b6ff4afb-1e6c-4df4-b3b1-435523eb8933","progress":"93734"}
[2026-05-22 23:01:13] ACTION: continue_cache_lookup | USER: 1 | DATA: {"uuid":"b6ff4afb-1e6c-4df4-b3b1-435523eb8933","found":true,"title":"Легендарный механик"}
[2026-05-22 23:01:13] ACTION: continue_audio_book | USER: 1 | DATA: {"book_id":"585","progress":"1680"}
[2026-05-22 23:01:13] ACTION: continue_cache_lookup | USER: 1 | DATA: {"uuid":"b6ff4afb-1e6c-4df4-b3b1-435523eb8933","found":true,"title":"Легендарный механик"}
[2026-05-22 23:01:13] ACTION: continue_audio_book | USER: 1 | DATA: {"book_id":"580","progress":"19"}
[2026-05-22 23:01:13] ACTION: continue_cache_lookup | USER: 1 | DATA: {"uuid":"c250fc30-0a1e-4126-bb8d-1966311cb4ac","found":true,"title":"Убийцы Драконов"}
[2026-05-22 23:01:13] ACTION: continue_audio_book | USER: 1 | DATA: {"book_id":"e6b3d69a-6de4-4f54-b1fd-0eb9cc43d89a","progress":"62758"}
[2026-05-22 23:01:13] ACTION: continue_cache_lookup | USER: 1 | DATA: {"uuid":"e6b3d69a-6de4-4f54-b1fd-0eb9cc43d89a","found":true,"title":"Лучший в мире мастер боевых искусств"}
[2026-05-22 23:01:13] ACTION: continue_audio_book | USER: 1 | DATA: {"book_id":"c250fc30-0a1e-4126-bb8d-1966311cb4ac","progress":"72174"}
[2026-05-22 23:01:13] ACTION: continue_cache_lookup | USER: 1 | DATA: {"uuid":"c250fc30-0a1e-4126-bb8d-1966311cb4ac","found":true,"title":"Убийцы Драконов"}
[2026-05-22 23:01:13] ACTION: continue_audio_book | USER: 1 | DATA: {"book_id":"39df1875-2fab-45ee-826a-cf3288afce91","progress":"5699"}
[2026-05-22 23:01:13] ACTION: continue_cache_lookup | USER: 1 | DATA: {"uuid":"39df1875-2fab-45ee-826a-cf3288afce91","found":true,"title":"Теневой раб"}
[2026-05-22 23:01:13] ACTION: continue_audio_book | USER: 1 | DATA: {"book_id":"8ab78ed7-59c3-4534-b10c-605cc05af6d4","progress":"76332"}
[2026-05-22 23:01:13] ACTION: continue_cache_lookup | USER: 1 | DATA: {"uuid":"8ab78ed7-59c3-4534-b10c-605cc05af6d4","found":true,"title":"Специалист по апгрейду из другого мира"}
[2026-05-22 23:05:02] ACTION: get_abs_book_data | USER: 1 | DATA: {"GET":{"action":"get_abs_book_data","book_id":"c250fc30-0a1e-4126-bb8d-1966311cb4ac"}}
[2026-05-22 23:05:02] ACTION: get_abs_durations | USER: 1 | DATA: {"GET":{"action":"get_abs_durations","book_id":"c250fc30-0a1e-4126-bb8d-1966311cb4ac"}}
[2026-05-22 23:08:10] ACTION: remove_book_progress | USER: 1 | DATA: {"POST":{"action":"remove_book_progress","book_id":"1337608","type":"text"}}
[2026-05-22 23:14:56] ACTION: get_abs_book_data | USER: 0 | DATA: {"GET":{"action":"get_abs_book_data","book_id":"b6ff4afb-1e6c-4df4-b3b1-435523eb8933"}}
[2026-05-22 23:14:56] ACTION: get_abs_durations | USER: 0 | DATA: {"GET":{"action":"get_abs_durations","book_id":"b6ff4afb-1e6c-4df4-b3b1-435523eb8933"}}
[2026-05-22 23:15:01] ACTION: get_abs_book_data | USER: 0 | DATA: {"GET":{"action":"get_abs_book_data","book_id":"b6ff4afb-1e6c-4df4-b3b1-435523eb8933"}}
[2026-05-22 23:15:01] ACTION: get_abs_durations | USER: 0 | DATA: {"GET":{"action":"get_abs_durations","book_id":"b6ff4afb-1e6c-4df4-b3b1-435523eb8933"}}
[2026-05-22 23:15:04] ACTION: get_abs_book_data | USER: 0 | DATA: {"GET":{"action":"get_abs_book_data","book_id":"b6ff4afb-1e6c-4df4-b3b1-435523eb8933"}}
[2026-05-22 23:15:04] ACTION: get_abs_durations | USER: 0 | DATA: {"GET":{"action":"get_abs_durations","book_id":"b6ff4afb-1e6c-4df4-b3b1-435523eb8933"}}
[2026-05-22 23:15:07] ACTION: get_abs_book_data | USER: 0 | DATA: {"GET":{"action":"get_abs_book_data","book_id":"b6ff4afb-1e6c-4df4-b3b1-435523eb8933"}}
[2026-05-22 23:15:07] ACTION: get_abs_durations | USER: 0 | DATA: {"GET":{"action":"get_abs_durations","book_id":"b6ff4afb-1e6c-4df4-b3b1-435523eb8933"}}
[2026-05-22 23:15:11] ACTION: get_abs_book_data | USER: 0 | DATA: {"GET":{"action":"get_abs_book_data","book_id":"b6ff4afb-1e6c-4df4-b3b1-435523eb8933"}}
[2026-05-22 23:15:12] ACTION: get_abs_durations | USER: 0 | DATA: {"GET":{"action":"get_abs_durations","book_id":"b6ff4afb-1e6c-4df4-b3b1-435523eb8933"}}
[2026-05-22 23:16:02] ACTION: get_abs_book_data | USER: 0 | DATA: {"GET":{"action":"get_abs_book_data","book_id":"b6ff4afb-1e6c-4df4-b3b1-435523eb8933"}}
[2026-05-22 23:16:03] ACTION: get_abs_durations | USER: 0 | DATA: {"GET":{"action":"get_abs_durations","book_id":"b6ff4afb-1e6c-4df4-b3b1-435523eb8933"}}
[2026-05-22 23:16:06] ACTION: get_abs_book_data | USER: 0 | DATA: {"GET":{"action":"get_abs_book_data","book_id":"b6ff4afb-1e6c-4df4-b3b1-435523eb8933"}}
[2026-05-22 23:16:07] ACTION: get_abs_durations | USER: 0 | DATA: {"GET":{"action":"get_abs_durations","book_id":"b6ff4afb-1e6c-4df4-b3b1-435523eb8933"}}
[2026-05-22 23:16:19] ACTION: get_abs_book_data | USER: 0 | DATA: {"GET":{"action":"get_abs_book_data","book_id":"b6ff4afb-1e6c-4df4-b3b1-435523eb8933"}}
[2026-05-22 23:16:20] ACTION: get_abs_durations | USER: 0 | DATA: {"GET":{"action":"get_abs_durations","book_id":"b6ff4afb-1e6c-4df4-b3b1-435523eb8933"}}
[2026-05-22 23:21:00] ACTION: get_abs_book_data | USER: 0 | DATA: {"GET":{"action":"get_abs_book_data","book_id":"b6ff4afb-1e6c-4df4-b3b1-435523eb8933"}}
[2026-05-22 23:21:00] ACTION: get_abs_durations | USER: 0 | DATA: {"GET":{"action":"get_abs_durations","book_id":"b6ff4afb-1e6c-4df4-b3b1-435523eb8933"}}
[2026-05-22 23:21:03] ACTION: get_abs_book_data | USER: 0 | DATA: {"GET":{"action":"get_abs_book_data","book_id":"b6ff4afb-1e6c-4df4-b3b1-435523eb8933"}}
[2026-05-22 23:21:04] ACTION: get_abs_durations | USER: 0 | DATA: {"GET":{"action":"get_abs_durations","book_id":"b6ff4afb-1e6c-4df4-b3b1-435523eb8933"}}
[2026-05-22 23:21:21] ACTION: get_abs_book_data | USER: 0 | DATA: {"GET":{"action":"get_abs_book_data","book_id":"b6ff4afb-1e6c-4df4-b3b1-435523eb8933"}}
[2026-05-22 23:21:22] ACTION: get_abs_durations | USER: 0 | DATA: {"GET":{"action":"get_abs_durations","book_id":"b6ff4afb-1e6c-4df4-b3b1-435523eb8933"}}
[2026-05-22 23:22:05] ACTION: get_abs_book_data | USER: 0 | DATA: {"GET":{"action":"get_abs_book_data","book_id":"b6ff4afb-1e6c-4df4-b3b1-435523eb8933"}}
[2026-05-22 23:22:05] ACTION: get_abs_durations | USER: 0 | DATA: {"GET":{"action":"get_abs_durations","book_id":"b6ff4afb-1e6c-4df4-b3b1-435523eb8933"}}
[2026-05-22 23:22:08] ACTION: get_abs_book_data | USER: 0 | DATA: {"GET":{"action":"get_abs_book_data","book_id":"b6ff4afb-1e6c-4df4-b3b1-435523eb8933"}}
[2026-05-22 23:22:09] ACTION: get_abs_durations | USER: 0 | DATA: {"GET":{"action":"get_abs_durations","book_id":"b6ff4afb-1e6c-4df4-b3b1-435523eb8933"}}
[2026-05-22 23:22:11] ACTION: get_abs_book_data | USER: 0 | DATA: {"GET":{"action":"get_abs_book_data","book_id":"b6ff4afb-1e6c-4df4-b3b1-435523eb8933"}}
[2026-05-22 23:22:11] ACTION: get_abs_durations | USER: 0 | DATA: {"GET":{"action":"get_abs_durations","book_id":"b6ff4afb-1e6c-4df4-b3b1-435523eb8933"}}
[2026-05-22 23:22:13] ACTION: get_abs_book_data | USER: 0 | DATA: {"GET":{"action":"get_abs_book_data","book_id":"b6ff4afb-1e6c-4df4-b3b1-435523eb8933"}}
[2026-05-22 23:22:14] ACTION: get_abs_durations | USER: 0 | DATA: {"GET":{"action":"get_abs_durations","book_id":"b6ff4afb-1e6c-4df4-b3b1-435523eb8933"}}
[2026-05-22 23:23:54] ACTION: get_abs_book_data | USER: 0 | DATA: {"GET":{"action":"get_abs_book_data","book_id":"b6ff4afb-1e6c-4df4-b3b1-435523eb8933"}}
[2026-05-22 23:23:55] ACTION: get_abs_durations | USER: 0 | DATA: {"GET":{"action":"get_abs_durations","book_id":"b6ff4afb-1e6c-4df4-b3b1-435523eb8933"}}
[2026-05-22 23:23:57] ACTION: get_abs_book_data | USER: 0 | DATA: {"GET":{"action":"get_abs_book_data","book_id":"b6ff4afb-1e6c-4df4-b3b1-435523eb8933"}}
[2026-05-22 23:23:58] ACTION: get_abs_durations | USER: 0 | DATA: {"GET":{"action":"get_abs_durations","book_id":"b6ff4afb-1e6c-4df4-b3b1-435523eb8933"}}
[2026-05-22 23:24:00] ACTION: get_abs_book_data | USER: 0 | DATA: {"GET":{"action":"get_abs_book_data","book_id":"b6ff4afb-1e6c-4df4-b3b1-435523eb8933"}}
[2026-05-22 23:24:01] ACTION: get_abs_durations | USER: 0 | DATA: {"GET":{"action":"get_abs_durations","book_id":"b6ff4afb-1e6c-4df4-b3b1-435523eb8933"}}
[2026-05-22 23:24:03] ACTION: get_abs_book_data | USER: 0 | DATA: {"GET":{"action":"get_abs_book_data","book_id":"b6ff4afb-1e6c-4df4-b3b1-435523eb8933"}}
[2026-05-22 23:24:03] ACTION: get_abs_durations | USER: 0 | DATA: {"GET":{"action":"get_abs_durations","book_id":"b6ff4afb-1e6c-4df4-b3b1-435523eb8933"}}
[2026-05-22 23:24:05] ACTION: get_abs_book_data | USER: 0 | DATA: {"GET":{"action":"get_abs_book_data","book_id":"b6ff4afb-1e6c-4df4-b3b1-435523eb8933"}}
[2026-05-22 23:24:05] ACTION: get_abs_durations | USER: 0 | DATA: {"GET":{"action":"get_abs_durations","book_id":"b6ff4afb-1e6c-4df4-b3b1-435523eb8933"}}
[2026-05-22 23:35:37] ACTION: get_abs_book_data | USER: 0 | DATA: {"GET":{"action":"get_abs_book_data","book_id":"b6ff4afb-1e6c-4df4-b3b1-435523eb8933"}}
[2026-05-22 23:35:37] ACTION: get_abs_durations | USER: 0 | DATA: {"GET":{"action":"get_abs_durations","book_id":"b6ff4afb-1e6c-4df4-b3b1-435523eb8933"}}
[2026-05-23 03:39:39] ACTION: get_abs_book_data | USER: 1 | DATA: {"GET":{"action":"get_abs_book_data","book_id":"c250fc30-0a1e-4126-bb8d-1966311cb4ac"}}
[2026-05-23 03:39:40] ACTION: get_abs_durations | USER: 1 | DATA: {"GET":{"action":"get_abs_durations","book_id":"c250fc30-0a1e-4126-bb8d-1966311cb4ac"}}
[2026-05-23 03:39:43] ACTION: get_abs_book_data | USER: 1 | DATA: {"GET":{"action":"get_abs_book_data","book_id":"c250fc30-0a1e-4126-bb8d-1966311cb4ac"}}
[2026-05-23 03:39:43] ACTION: get_abs_durations | USER: 1 | DATA: {"GET":{"action":"get_abs_durations","book_id":"c250fc30-0a1e-4126-bb8d-1966311cb4ac"}}
[2026-05-23 03:47:10] ACTION: get_abs_book_data | USER: 1 | DATA: {"GET":{"action":"get_abs_book_data","book_id":"39df1875-2fab-45ee-826a-cf3288afce91"}}
[2026-05-23 03:47:11] ACTION: get_abs_durations | USER: 1 | DATA: {"GET":{"action":"get_abs_durations","book_id":"39df1875-2fab-45ee-826a-cf3288afce91"}}
[2026-05-23 03:47:15] ACTION: get_abs_book_data | USER: 1 | DATA: {"GET":{"action":"get_abs_book_data","book_id":"39df1875-2fab-45ee-826a-cf3288afce91"}}
[2026-05-23 03:47:15] ACTION: get_abs_durations | USER: 1 | DATA: {"GET":{"action":"get_abs_durations","book_id":"39df1875-2fab-45ee-826a-cf3288afce91"}}
[2026-05-23 03:47:27] ACTION: get_abs_book_data | USER: 1 | DATA: {"GET":{"action":"get_abs_book_data","book_id":"39df1875-2fab-45ee-826a-cf3288afce91"}}
[2026-05-23 03:47:28] ACTION: get_abs_durations | USER: 1 | DATA: {"GET":{"action":"get_abs_durations","book_id":"39df1875-2fab-45ee-826a-cf3288afce91"}}
[2026-05-23 03:47:48] ACTION: get_abs_book_data | USER: 1 | DATA: {"GET":{"action":"get_abs_book_data","book_id":"39df1875-2fab-45ee-826a-cf3288afce91"}}
[2026-05-23 03:47:49] ACTION: get_abs_durations | USER: 1 | DATA: {"GET":{"action":"get_abs_durations","book_id":"39df1875-2fab-45ee-826a-cf3288afce91"}}
[2026-05-23 03:47:56] ACTION: get_abs_book_data | USER: 1 | DATA: {"GET":{"action":"get_abs_book_data","book_id":"39df1875-2fab-45ee-826a-cf3288afce91"}}
[2026-05-23 03:47:56] ACTION: get_abs_durations | USER: 1 | DATA: {"GET":{"action":"get_abs_durations","book_id":"39df1875-2fab-45ee-826a-cf3288afce91"}}
[2026-05-23 03:48:01] ACTION: get_abs_book_data | USER: 1 | DATA: {"GET":{"action":"get_abs_book_data","book_id":"39df1875-2fab-45ee-826a-cf3288afce91"}}
[2026-05-23 03:48:02] ACTION: get_abs_durations | USER: 1 | DATA: {"GET":{"action":"get_abs_durations","book_id":"39df1875-2fab-45ee-826a-cf3288afce91"}}
[2026-05-23 03:48:48] ACTION: get_abs_book_data | USER: 1 | DATA: {"GET":{"action":"get_abs_book_data","book_id":"39df1875-2fab-45ee-826a-cf3288afce91"}}
[2026-05-23 03:48:49] ACTION: get_abs_durations | USER: 1 | DATA: {"GET":{"action":"get_abs_durations","book_id":"39df1875-2fab-45ee-826a-cf3288afce91"}}
[2026-05-23 03:49:00] ACTION: save_progress | USER: 1 | DATA: {"POST":{"action":"save_abs_progress","book_id":"428","track_index":"4","progress_seconds":"13"}}
[2026-05-23 03:50:14] ACTION: get_abs_book_data | USER: 1 | DATA: {"GET":{"action":"get_abs_book_data","book_id":"39df1875-2fab-45ee-826a-cf3288afce91"}}
[2026-05-23 03:50:14] ACTION: get_abs_durations | USER: 1 | DATA: {"GET":{"action":"get_abs_durations","book_id":"39df1875-2fab-45ee-826a-cf3288afce91"}}
[2026-05-23 03:50:41] ACTION: get_abs_book_data | USER: 1 | DATA: {"GET":{"action":"get_abs_book_data","book_id":"39df1875-2fab-45ee-826a-cf3288afce91"}}
[2026-05-23 03:50:41] ACTION: get_abs_durations | USER: 1 | DATA: {"GET":{"action":"get_abs_durations","book_id":"39df1875-2fab-45ee-826a-cf3288afce91"}}
[2026-05-23 03:54:07] ACTION: get_abs_book_data | USER: 1 | DATA: {"GET":{"action":"get_abs_book_data","book_id":"39df1875-2fab-45ee-826a-cf3288afce91"}}
[2026-05-23 03:54:08] ACTION: get_abs_durations | USER: 1 | DATA: {"GET":{"action":"get_abs_durations","book_id":"39df1875-2fab-45ee-826a-cf3288afce91"}}
[2026-05-23 03:54:16] ACTION: get_abs_book_data | USER: 1 | DATA: {"GET":{"action":"get_abs_book_data","book_id":"39df1875-2fab-45ee-826a-cf3288afce91"}}
[2026-05-23 03:54:17] ACTION: get_abs_durations | USER: 1 | DATA: {"GET":{"action":"get_abs_durations","book_id":"39df1875-2fab-45ee-826a-cf3288afce91"}}
[2026-05-23 04:12:17] ACTION: get_abs_book_data | USER: 1 | DATA: {"GET":{"action":"get_abs_book_data","book_id":"c250fc30-0a1e-4126-bb8d-1966311cb4ac"}}
[2026-05-23 04:12:18] ACTION: get_abs_durations | USER: 1 | DATA: {"GET":{"action":"get_abs_durations","book_id":"c250fc30-0a1e-4126-bb8d-1966311cb4ac"}}
[2026-05-23 04:12:26] ACTION: get_abs_book_data | USER: 1 | DATA: {"GET":{"action":"get_abs_book_data","book_id":"c250fc30-0a1e-4126-bb8d-1966311cb4ac"}}
[2026-05-23 04:12:26] ACTION: get_abs_durations | USER: 1 | DATA: {"GET":{"action":"get_abs_durations","book_id":"c250fc30-0a1e-4126-bb8d-1966311cb4ac"}}
